{"stat.chestOpened":6,"stat.walkOneCm":37252,"stat.trappedChestTriggered":1,"stat.damageTaken":807,"stat.pickup.minecraft.leather":8,"stat.mineBlock.minecraft.melon_block":6,"stat.mineBlock.minecraft.double_plant":1,"stat.mobKills":4,"stat.entityKilledBy.Creeper":1,"stat.flyOneCm":9275,"stat.deaths":2,"stat.jump":101,"stat.swimOneCm":21272,"stat.mineBlock.minecraft.sand":2,"stat.playOneMinute":10503,"stat.fallOneCm":2121,"stat.pickup.minecraft.beef":8,"stat.useItem.minecraft.cooked_beef":2,"stat.sneakTime":23,"stat.entityKilledBy.ninjabandit":1,"stat.useItem.minecraft.stone_axe":14,"stat.damageDealt":400,"stat.crouchOneCm":43,"stat.timeSinceDeath":9720,"stat.killEntity.Cow":4,"stat.sprintOneCm":6794,"stat.pickup.minecraft.melon":29,"stat.mineBlock.minecraft.tallgrass":2,"stat.diveOneCm":13243}