{"stat.drop.minecraft.mutton":2,"stat.entityKilledBy.iwa_rogue":3,"stat.pickup.minecraft.bone":14,"stat.pickup.minecraft.wooden_slab":2,"stat.craftItem.minecraft.diamond_leggings":1,"stat.pickup.tconstruct.longsword":1,"stat.leaveGame":1,"stat.mineBlock.minecraft.cobblestone":9,"stat.useItem.narutomod.whitezetsuflesh":1,"stat.swimOneCm":41543,"stat.climbOneCm":3916,"stat.useItem.minecraft.planks":2,"stat.drop.minecraft.cobblestone":65,"stat.pickup.minecraft.porkchop":7,"stat.useItem.minecraft.dirt":42,"stat.useItem.minecraft.stone_slab2":20,"stat.pickup.minecraft.bow":1,"stat.drop.minecraft.iron_sword":1,"stat.pickup.minecraft.rotten_flesh":28,"stat.pickup.minecraft.sand":20,"stat.craftItem.minecraft.furnace":3,"stat.craftItem.minecraft.iron_boots":1,"stat.craftItem.minecraft.cooked_beef":8,"stat.pickup.kabutoaddon.katana":1,"stat.pickup.minecraft.cobblestone":266,"stat.mineBlock.minecraft.wooden_slab":2,"stat.entityKilledBy.kimimaro":9,"stat.flyOneCm":875823,"stat.pickup.minecraft.clay":29,"stat.pickup.minecraft.sandstone":3,"stat.mineBlock.minecraft.sand":2,"stat.pickup.narutomod.kunai":1,"stat.drop.minecraft.wheat_seeds":7,"stat.useItem.minecraft.cooked_beef":13,"stat.pickup.minecraft.redstone":80,"stat.mineBlock.minecraft.iron_ore":115,"stat.useItem.tconstruct.broadsword":5,"stat.timeSinceDeath":1991,"stat.useItem.minecraft.iron_pickaxe":500,"stat.entityKilledBy.explosive_ninja":1,"stat.pickup.minecraft.mutton":2,"stat.craftItem.minecraft.bed":1,"stat.trappedChestTriggered":7,"stat.mineBlock.minecraft.vine":1,"stat.pickup.minecraft.stonebrick":5,"stat.furnaceInteraction":27,"stat.drop.minecraft.dirt":2,"stat.useItem.minecraft.cooked_porkchop":2,"stat.pickup.minecraft.carpet":7,"stat.killEntity.ZombieVillager":2,"stat.mineBlock.minecraft.coal_ore":164,"stat.killEntity.Creeper":4,"stat.pickup.minecraft.string":13,"stat.drop.narutomod.scroll_fire_stream":1,"stat.pickup.minecraft.beef":8,"stat.pickup.minecraft.furnace":2,"stat.pickup.narutomod.ryo_100":23,"stat.entityKilledBy.Skeleton":1,"stat.craftItem.minecraft.stone_slab2":0,"stat.killEntity.Squid":1,"stat.sprintOneCm":215955,"stat.pickup.minecraft.paper":3,"stat.mineBlock.minecraft.stone_slab":7,"stat.craftItem.minecraft.stick":20,"stat.pickup.minecraft.bone_block":1,"stat.drop.tconstruct.broadsword":1,"stat.useItem.minecraft.stone_slab":1,"stat.killEntity.Horse":1,"stat.mineBlock.minecraft.diamond_ore":4,"stat.mineBlock.minecraft.crafting_table":1,"stat.useItem.minecraft.diamond_pickaxe":10,"stat.entityKilledBy.Creeper":2,"stat.mineBlock.minecraft.planks":1,"stat.deaths":32,"stat.drop":11,"stat.playOneMinute":121161,"stat.killEntity.Sheep":1,"stat.craftItem.minecraft.iron_pickaxe":2,"stat.useItem.minecraft.shears":60,"stat.craftItem.minecraft.diamond_pickaxe":1,"stat.killEntity.Zombie":53,"stat.mineBlock.minecraft.gold_ore":29,"stat.mineBlock.minecraft.tallgrass":9,"stat.diveOneCm":106911,"stat.chestOpened":42,"stat.useItem.minecraft.stone":1,"stat.pickup.minecraft.gravel":3,"stat.pickup.minecraft.arrow":16,"stat.craftItem.minecraft.cooked_porkchop":5,"stat.killEntity.ninjabandit":15,"stat.killEntity.s_rank_missing_ninja":1,"stat.pickup.tconstruct.sharpening_kit":15,"stat.jump":2211,"stat.useItem.minecraft.sand":9,"stat.pickup.minecraft.coal":185,"stat.fallOneCm":76618,"stat.pickup.minecraft.iron_ingot":11,"stat.killEntity.whitezetsu":1,"stat.useItem.minecraft.stone_axe":30,"stat.craftItem.minecraft.bread":40,"stat.pickup.minecraft.gunpowder":3,"stat.crouchOneCm":44340,"stat.pickup.minecraft.spider_eye":2,"stat.craftItem.minecraft.torch":76,"stat.craftItem.minecraft.iron_ingot":48,"stat.pickup.minecraft.dirt":69,"stat.craftItem.minecraft.iron_helmet":1,"stat.pickup.minecraft.melon":29,"stat.pickup.minecraft.iron_ore":159,"stat.craftingTableInteraction":23,"stat.pickup.minecraft.gold_ore":29,"stat.mineBlock.minecraft.lapis_ore":9,"stat.mineBlock.minecraft.leaves2":1,"stat.pickup.minecraft.leather":12,"stat.damageTaken":15466,"stat.pickup.minecraft.feather":1,"stat.mineBlock.minecraft.melon_block":6,"stat.mineBlock.minecraft.furnace":2,"stat.useItem.tconstruct.longsword":2,"stat.mineBlock.minecraft.torch":1,"stat.useItem.minecraft.furnace":2,"stat.craftItem.narutomod.samurai_armorbody":1,"stat.pickup.minecraft.dye":56,"stat.pickup.minecraft.planks":57,"stat.killEntity.CaveSpider":20,"stat.pickup.minecraft.bed":2,"stat.entityKilledBy.Zombie":2,"stat.useItem.minecraft.stone_pickaxe":131,"stat.craftItem.minecraft.iron_leggings":1,"stat.damageDealt":27678,"stat.killEntity.Cow":5,"stat.mineBlock.minecraft.dirt":56,"stat.killEntity.Pig":3,"stat.craftItem.minecraft.stone_slab":6,"stat.walkOneCm":448917,"stat.drop.minecraft.paper":1,"stat.useItem.minecraft.torch":42,"stat.useItem.minecraft.bread":37,"stat.playerKills":1,"stat.pickup.narutomod.byakuganhelmet":1,"stat.pickup.minecraft.crafting_table":1,"stat.useItem.minecraft.cobblestone":60,"stat.craftItem.minecraft.crafting_table":6,"stat.entityKilledBy.s_rank_missing_ninja":2,"stat.mineBlock.minecraft.double_plant":1,"stat.useItem.minecraft.lava_bucket":3,"stat.pickup.narutomod.whitezetsuflesh":1,"stat.craftItem.minecraft.diamond_boots":1,"stat.craftItem.minecraft.wheat":18,"stat.craftItem.usefulbackpacks.backpack":4,"stat.pickup.minecraft.stone":5,"stat.craftItem.minecraft.iron_chestplate":2,"stat.mineBlock.minecraft.wool":60,"stat.entityKilledBy.otsutsuki":4,"stat.drop.minecraft.clay":9,"stat.killEntity.Skeleton":32,"stat.pickup.tconstruct.broadsword":2,"stat.craftItem.minecraft.bucket":1,"stat.mineBlock.minecraft.stonebrick":16,"stat.useItem.minecraft.iron_sword":182,"stat.craftItem.minecraft.planks":24,"stat.killEntity.Chicken":1,"stat.killEntity.Spider":3,"stat.mobKills":154,"stat.pickup.minecraft.book":21,"stat.mineBlock.minecraft.bookshelf":7,"stat.craftItem.minecraft.shears":1,"stat.useItem.minecraft.golden_apple":3,"stat.useItem.minecraft.spruce_door":24,"stat.pickup.minecraft.diamond":37,"stat.pickup.minecraft.torch":20,"stat.pickup.minecraft.red_flower":1,"stat.mineBlock.minecraft.redstone_ore":13,"stat.sneakTime":5490,"stat.entityKilledBy.ninjabandit":2,"stat.pickup.minecraft.wool":57,"stat.mineBlock.minecraft.bone_block":1,"stat.pickup.minecraft.stone_slab":6,"stat.pickup.minecraft.yellow_flower":1,"stat.mineBlock.minecraft.stone":268,"stat.useItem.minecraft.sandstone":2,"stat.craftItem.minecraft.spruce_door":36}