{"stat.entityKilledBy.iwa_rogue":3,"stat.pickup.tconstruct.longsword":1,"stat.leaveGame":1,"stat.mineBlock.minecraft.cobblestone":1,"stat.swimOneCm":29462,"stat.climbOneCm":3494,"stat.useItem.minecraft.planks":2,"stat.drop.minecraft.cobblestone":1,"stat.pickup.minecraft.porkchop":7,"stat.useItem.minecraft.stone_slab2":12,"stat.drop.minecraft.iron_sword":1,"stat.pickup.minecraft.rotten_flesh":22,"stat.pickup.minecraft.sand":20,"stat.craftItem.minecraft.furnace":3,"stat.craftItem.minecraft.iron_boots":1,"stat.craftItem.minecraft.cooked_beef":8,"stat.pickup.minecraft.cobblestone":205,"stat.flyOneCm":277731,"stat.pickup.minecraft.clay":12,"stat.pickup.minecraft.sandstone":3,"stat.mineBlock.minecraft.sand":2,"stat.pickup.narutomod.kunai":1,"stat.drop.minecraft.wheat_seeds":7,"stat.useItem.minecraft.cooked_beef":13,"stat.pickup.minecraft.redstone":73,"stat.mineBlock.minecraft.iron_ore":115,"stat.timeSinceDeath":9214,"stat.useItem.minecraft.iron_pickaxe":405,"stat.trappedChestTriggered":7,"stat.furnaceInteraction":26,"stat.useItem.minecraft.cooked_porkchop":2,"stat.killEntity.ZombieVillager":2,"stat.mineBlock.minecraft.coal_ore":164,"stat.pickup.minecraft.string":13,"stat.pickup.minecraft.beef":8,"stat.pickup.minecraft.furnace":2,"stat.pickup.narutomod.ryo_100":19,"stat.entityKilledBy.Skeleton":1,"stat.craftItem.minecraft.stone_slab2":0,"stat.sprintOneCm":115422,"stat.pickup.minecraft.paper":3,"stat.mineBlock.minecraft.stone_slab":1,"stat.craftItem.minecraft.stick":16,"stat.killEntity.Horse":1,"stat.mineBlock.minecraft.diamond_ore":4,"stat.mineBlock.minecraft.crafting_table":1,"stat.entityKilledBy.Creeper":2,"stat.mineBlock.minecraft.planks":1,"stat.deaths":12,"stat.drop":5,"stat.playOneMinute":73893,"stat.craftItem.minecraft.iron_pickaxe":2,"stat.useItem.minecraft.shears":60,"stat.killEntity.Zombie":41,"stat.mineBlock.minecraft.gold_ore":21,"stat.mineBlock.minecraft.tallgrass":7,"stat.diveOneCm":75307,"stat.chestOpened":36,"stat.pickup.minecraft.gravel":3,"stat.pickup.minecraft.arrow":2,"stat.craftItem.minecraft.cooked_porkchop":5,"stat.killEntity.ninjabandit":8,"stat.pickup.tconstruct.sharpening_kit":15,"stat.jump":1016,"stat.useItem.minecraft.sand":9,"stat.pickup.minecraft.coal":185,"stat.fallOneCm":29888,"stat.pickup.minecraft.iron_ingot":11,"stat.useItem.minecraft.stone_axe":27,"stat.craftItem.minecraft.bread":40,"stat.crouchOneCm":7816,"stat.pickup.minecraft.spider_eye":2,"stat.craftItem.minecraft.torch":76,"stat.craftItem.minecraft.iron_ingot":48,"stat.pickup.minecraft.dirt":18,"stat.craftItem.minecraft.iron_helmet":1,"stat.pickup.minecraft.melon":29,"stat.pickup.minecraft.iron_ore":159,"stat.craftingTableInteraction":17,"stat.pickup.minecraft.gold_ore":21,"stat.mineBlock.minecraft.lapis_ore":9,"stat.pickup.minecraft.leather":12,"stat.damageTaken":6410,"stat.pickup.minecraft.feather":1,"stat.mineBlock.minecraft.melon_block":6,"stat.mineBlock.minecraft.furnace":2,"stat.useItem.tconstruct.longsword":2,"stat.mineBlock.minecraft.torch":1,"stat.useItem.minecraft.furnace":2,"stat.pickup.minecraft.dye":56,"stat.pickup.minecraft.planks":57,"stat.killEntity.CaveSpider":18,"stat.entityKilledBy.Zombie":2,"stat.useItem.minecraft.stone_pickaxe":131,"stat.craftItem.minecraft.iron_leggings":1,"stat.damageDealt":17886,"stat.killEntity.Cow":5,"stat.mineBlock.minecraft.dirt":18,"stat.killEntity.Pig":3,"stat.walkOneCm":301268,"stat.drop.minecraft.paper":1,"stat.useItem.minecraft.torch":40,"stat.useItem.minecraft.bread":9,"stat.pickup.narutomod.byakuganhelmet":1,"stat.pickup.minecraft.crafting_table":1,"stat.useItem.minecraft.cobblestone":9,"stat.craftItem.minecraft.crafting_table":4,"stat.mineBlock.minecraft.double_plant":1,"stat.craftItem.minecraft.wheat":18,"stat.craftItem.usefulbackpacks.backpack":4,"stat.craftItem.minecraft.iron_chestplate":1,"stat.mineBlock.minecraft.wool":60,"stat.drop.minecraft.clay":9,"stat.killEntity.Skeleton":20,"stat.pickup.tconstruct.broadsword":1,"stat.useItem.minecraft.iron_sword":182,"stat.craftItem.minecraft.planks":8,"stat.killEntity.Chicken":1,"stat.killEntity.Spider":3,"stat.mobKills":112,"stat.pickup.minecraft.book":21,"stat.mineBlock.minecraft.bookshelf":7,"stat.craftItem.minecraft.shears":1,"stat.useItem.minecraft.golden_apple":1,"stat.useItem.minecraft.spruce_door":24,"stat.pickup.minecraft.diamond":18,"stat.pickup.minecraft.torch":16,"stat.pickup.minecraft.red_flower":1,"stat.mineBlock.minecraft.redstone_ore":13,"stat.sneakTime":1745,"stat.entityKilledBy.ninjabandit":2,"stat.pickup.minecraft.wool":57,"stat.pickup.minecraft.yellow_flower":1,"stat.mineBlock.minecraft.stone":205,"stat.useItem.minecraft.sandstone":2,"stat.craftItem.minecraft.spruce_door":36}