{"stat.chestOpened":6,"stat.walkOneCm":62362,"stat.entityKilledBy.iwa_rogue":1,"stat.useItem.minecraft.torch":10,"stat.trappedChestTriggered":1,"stat.pickup.minecraft.gravel":3,"stat.useItem.minecraft.cobblestone":1,"stat.craftItem.minecraft.crafting_table":1,"stat.furnaceInteraction":1,"stat.mineBlock.minecraft.double_plant":1,"stat.killEntity.ninjabandit":5,"stat.mineBlock.minecraft.coal_ore":26,"stat.swimOneCm":23988,"stat.jump":223,"stat.pickup.minecraft.coal":26,"stat.fallOneCm":6586,"stat.climbOneCm":2019,"stat.useItem.minecraft.planks":2,"stat.pickup.minecraft.beef":8,"stat.drop.minecraft.cobblestone":1,"stat.pickup.narutomod.ryo_100":14,"stat.useItem.minecraft.stone_axe":18,"stat.pickup.minecraft.porkchop":3,"stat.crouchOneCm":43,"stat.craftItem.minecraft.torch":16,"stat.pickup.minecraft.dirt":17,"stat.sprintOneCm":19017,"stat.useItem.minecraft.stone_slab2":4,"stat.pickup.minecraft.melon":29,"stat.craftItem.minecraft.stick":16,"stat.pickup.minecraft.iron_ore":11,"stat.craftingTableInteraction":3,"stat.pickup.minecraft.rotten_flesh":6,"stat.killEntity.Skeleton":1,"stat.pickup.minecraft.sand":20,"stat.craftItem.minecraft.furnace":1,"stat.pickup.minecraft.gold_ore":10,"stat.useItem.minecraft.iron_sword":48,"stat.damageTaken":2055,"stat.pickup.minecraft.leather":8,"stat.mineBlock.minecraft.melon_block":6,"stat.mobKills":21,"stat.pickup.minecraft.cobblestone":173,"stat.entityKilledBy.Creeper":1,"stat.pickup.minecraft.planks":1,"stat.flyOneCm":30477,"stat.deaths":4,"stat.mineBlock.minecraft.planks":1,"stat.pickup.minecraft.sandstone":3,"stat.drop":1,"stat.mineBlock.minecraft.sand":2,"stat.playOneMinute":23103,"stat.pickup.minecraft.torch":1,"stat.useItem.minecraft.stone_pickaxe":131,"stat.useItem.minecraft.cooked_beef":5,"stat.sneakTime":54,"stat.craftItem.minecraft.iron_pickaxe":1,"stat.entityKilledBy.ninjabandit":2,"stat.damageDealt":2415,"stat.mineBlock.minecraft.iron_ore":11,"stat.killEntity.Zombie":8,"stat.timeSinceDeath":5447,"stat.killEntity.Cow":4,"stat.useItem.minecraft.iron_pickaxe":91,"stat.mineBlock.minecraft.dirt":17,"stat.killEntity.Pig":1,"stat.mineBlock.minecraft.stone":173,"stat.mineBlock.minecraft.gold_ore":10,"stat.mineBlock.minecraft.tallgrass":7,"stat.diveOneCm":44481,"stat.useItem.minecraft.sandstone":2}