{"stat.cakeSlicesEaten":2,"stat.drop.minecraft.mutton":2,"stat.entityKilledBy.iwa_rogue":4,"stat.pickup.minecraft.bone":20,"stat.pickup.minecraft.wooden_slab":2,"stat.pickup.narutomod.scroll_karasu":1,"stat.craftItem.minecraft.diamond_leggings":1,"stat.pickup.tconstruct.longsword":1,"stat.leaveGame":1,"stat.pickup.narutomod.military_rations_pill":7,"stat.mineBlock.minecraft.cobblestone":11,"stat.useItem.narutomod.whitezetsuflesh":2,"stat.drop.narutomod.shuriken":3,"stat.swimOneCm":72043,"stat.mineBlock.ironfurnaces.gold_furnace_idle":2,"stat.climbOneCm":6973,"stat.useItem.minecraft.planks":17,"stat.killEntity.iwa_rogue":5,"stat.mineBlock.minecraft.web":1,"stat.drop.minecraft.cobblestone":65,"stat.pickup.minecraft.porkchop":15,"stat.useItem.minecraft.dirt":51,"stat.useItem.minecraft.stone_slab2":32,"stat.pickup.minecraft.bow":1,"stat.drop.minecraft.iron_sword":1,"stat.mineBlock.minecraft.stone_brick_stairs":4,"stat.pickup.minecraft.rotten_flesh":42,"stat.pickup.minecraft.sand":32,"stat.craftItem.minecraft.furnace":8,"stat.useItem.ironfurnaces.diamond_furnace_idle":1,"stat.craftItem.minecraft.iron_boots":1,"stat.killEntity.explosive_ninja":1,"stat.craftItem.minecraft.cooked_beef":8,"stat.pickup.kabutoaddon.katana":1,"stat.pickup.minecraft.cobblestone":383,"stat.mineBlock.minecraft.wooden_slab":2,"stat.entityKilledBy.kimimaro":9,"stat.flyOneCm":2850242,"stat.pickup.minecraft.clay":29,"stat.pickup.minecraft.sandstone":3,"stat.pickup.minecraft.soul_sand":2,"stat.mineBlock.minecraft.sand":14,"stat.pickup.narutomod.kunai":1,"stat.drop.minecraft.wheat_seeds":9,"stat.useItem.minecraft.cooked_beef":13,"stat.craftItem.minecraft.wooden_slab":6,"stat.pickup.minecraft.redstone":98,"stat.mineBlock.minecraft.iron_ore":165,"stat.useItem.tconstruct.broadsword":32,"stat.timeSinceDeath":27343,"stat.useItem.minecraft.iron_pickaxe":500,"stat.pickup.minecraft.stained_hardened_clay":3,"stat.useItem.minecraft.wooden_slab":5,"stat.entityKilledBy.explosive_ninja":1,"stat.pickup.minecraft.mutton":49,"stat.pickup.minecraft.double_plant":1,"stat.craftItem.minecraft.bed":1,"stat.trappedChestTriggered":7,"stat.pickup.narutomod.scroll_big_blow":1,"stat.mineBlock.minecraft.vine":1,"stat.pickup.minecraft.nether_wart":2,"stat.pickup.minecraft.stonebrick":9,"stat.furnaceInteraction":56,"stat.drop.minecraft.dirt":2,"stat.useItem.minecraft.cooked_porkchop":14,"stat.pickup.minecraft.carpet":7,"stat.killEntity.ZombieVillager":5,"stat.mineBlock.rerollthingy.mysteriousplantbottom":1,"stat.mineBlock.minecraft.coal_ore":164,"stat.killEntity.Creeper":9,"stat.drop.narutomod.ryo_100":5,"stat.pickup.minecraft.string":18,"stat.craftItem.minecraft.leather_helmet":1,"stat.drop.narutomod.scroll_fire_stream":1,"stat.pickup.minecraft.beef":8,"stat.pickup.minecraft.furnace":4,"stat.useItem.minecraft.cooked_mutton":7,"stat.pickup.narutomod.ryo_100":48,"stat.entityKilledBy.Skeleton":1,"stat.craftItem.minecraft.stone_slab2":0,"stat.pickup.minecraft.hay_block":1,"stat.killEntity.Squid":1,"stat.mineBlock.minecraft.stained_hardened_clay":7,"stat.sprintOneCm":330264,"stat.pickup.minecraft.paper":3,"stat.mineBlock.minecraft.stone_slab":7,"stat.craftItem.minecraft.stick":28,"stat.pickup.minecraft.bone_block":1,"stat.drop.tconstruct.broadsword":1,"stat.useItem.minecraft.stone_slab":1,"stat.killEntity.Horse":1,"stat.pickup.narutomod.ryo_1000":11,"stat.mineBlock.minecraft.diamond_ore":4,"stat.mineBlock.minecraft.crafting_table":1,"stat.useItem.minecraft.diamond_pickaxe":251,"stat.entityKilledBy.c":3,"stat.craftItem.ironfurnaces.gold_furnace_idle":5,"stat.mineBlock.minecraft.soul_sand":2,"stat.entityKilledBy.Creeper":2,"stat.mineBlock.minecraft.planks":4,"stat.deaths":54,"stat.craftItem.ironfurnaces.diamond_furnace_idle":2,"stat.drop":26,"stat.playOneMinute":219261,"stat.drop.minecraft.string":2,"stat.killEntity.Sheep":27,"stat.entityKilledBy.hatake_kakashi":2,"stat.craftItem.minecraft.iron_pickaxe":2,"stat.useItem.minecraft.shears":60,"stat.craftItem.minecraft.diamond_pickaxe":1,"stat.killEntity.Zombie":75,"stat.pickup.minecraft.iron_bars":10,"stat.mineBlock.minecraft.gold_ore":57,"stat.mineBlock.minecraft.tallgrass":23,"stat.craftItem.minecraft.cooked_mutton":47,"stat.diveOneCm":136110,"stat.useItem.ironfurnaces.gold_furnace_idle":2,"stat.entityKilledBy.jiraiya":10,"stat.drop.narutomod.military_rations_pill":1,"stat.chestOpened":58,"stat.craftItem.ironfurnaces.iron_furnace_idle":5,"stat.useItem.minecraft.stone":1,"stat.pickup.minecraft.gravel":5,"stat.pickup.minecraft.arrow":17,"stat.craftItem.minecraft.cooked_porkchop":17,"stat.killEntity.ninjabandit":34,"stat.killEntity.s_rank_missing_ninja":3,"stat.pickup.tconstruct.sharpening_kit":15,"stat.useItem.minecraft.rotten_flesh":11,"stat.pickup.minecraft.stone_brick_stairs":4,"stat.jump":4611,"stat.useItem.minecraft.sand":9,"stat.pickup.minecraft.coal":211,"stat.fallOneCm":205646,"stat.pickup.minecraft.iron_ingot":11,"stat.killEntity.whitezetsu":2,"stat.pickup.narutomod.scroll_body_replacement":1,"stat.useItem.minecraft.stone_axe":35,"stat.craftItem.minecraft.bread":40,"stat.pickup.minecraft.gunpowder":4,"stat.crouchOneCm":136651,"stat.pickup.minecraft.spider_eye":2,"stat.craftItem.minecraft.torch":76,"stat.craftItem.minecraft.iron_ingot":98,"stat.pickup.minecraft.dirt":87,"stat.craftItem.minecraft.iron_helmet":1,"stat.pickup.minecraft.melon":29,"stat.pickup.minecraft.iron_ore":209,"stat.craftingTableInteraction":36,"stat.pickup.minecraft.gold_ore":57,"stat.mineBlock.minecraft.iron_bars":10,"stat.mineBlock.minecraft.lapis_ore":9,"stat.mineBlock.minecraft.leaves2":1,"stat.entityKilledBy.itachi":1,"stat.pickup.minecraft.leather":12,"stat.damageTaken":38729,"stat.pickup.minecraft.feather":1,"stat.drop.minecraft.bone":4,"stat.mineBlock.minecraft.melon_block":6,"stat.mineBlock.minecraft.furnace":2,"stat.useItem.tconstruct.longsword":2,"stat.mineBlock.minecraft.torch":1,"stat.useItem.minecraft.furnace":2,"stat.craftItem.narutomod.samurai_armorbody":1,"stat.mineBlock.minecraft.sapling":1,"stat.pickup.minecraft.dye":56,"stat.mineBlock.rerollthingy.mysteriousplanttop":1,"stat.pickup.minecraft.planks":57,"stat.killEntity.CaveSpider":20,"stat.pickup.minecraft.bed":3,"stat.killEntity.jiraiya":1,"stat.pickup.minecraft.wheat_seeds":4,"stat.entityKilledBy.Zombie":2,"stat.mineBlock.minecraft.gravel":1,"stat.useItem.minecraft.stone_pickaxe":131,"stat.craftItem.minecraft.iron_leggings":1,"stat.damageDealt":73056,"stat.craftItem.minecraft.glass":12,"stat.sleepInBed":1,"stat.killEntity.Cow":5,"stat.mineBlock.minecraft.dirt":70,"stat.killEntity.Pig":7,"stat.craftItem.minecraft.stone_slab":6,"stat.walkOneCm":840761,"stat.drop.minecraft.paper":1,"stat.useItem.minecraft.torch":44,"stat.useItem.minecraft.bread":52,"stat.playerKills":1,"stat.pickup.narutomod.byakuganhelmet":1,"stat.drop.minecraft.stone_brick_stairs":4,"stat.drop.minecraft.rotten_flesh":6,"stat.pickup.minecraft.crafting_table":1,"stat.useItem.minecraft.log":8,"stat.useItem.minecraft.cobblestone":70,"stat.craftItem.minecraft.crafting_table":8,"stat.entityKilledBy.s_rank_missing_ninja":2,"stat.mineBlock.minecraft.double_plant":2,"stat.useItem.minecraft.lava_bucket":7,"stat.killEntity.rogue_ninja":5,"stat.pickup.narutomod.whitezetsuflesh":2,"stat.craftItem.minecraft.diamond_boots":1,"stat.entityKilledBy.uzumaki_naruto":1,"stat.craftItem.minecraft.wheat":18,"stat.pickup.narutomod.shuriken":6,"stat.killEntity.toad_summon":2,"stat.craftItem.usefulbackpacks.backpack":4,"stat.craftItem.minecraft.gold_ingot":28,"stat.pickup.minecraft.stone":39,"stat.craftItem.minecraft.iron_chestplate":2,"stat.mineBlock.minecraft.wool":60,"stat.entityKilledBy.otsutsuki":5,"stat.pickup.ironfurnaces.gold_furnace_idle":2,"stat.pickup.minecraft.sapling":7,"stat.drop.minecraft.wooden_slab":1,"stat.drop.minecraft.clay":9,"stat.killEntity.Skeleton":42,"stat.entityKilledBy.toad_summon":2,"stat.pickup.tconstruct.broadsword":2,"stat.craftItem.minecraft.bucket":1,"stat.mineBlock.minecraft.stonebrick":20,"stat.useItem.minecraft.iron_sword":182,"stat.craftItem.minecraft.planks":72,"stat.killEntity.Chicken":1,"stat.killEntity.Spider":9,"stat.mobKills":276,"stat.pickup.minecraft.book":21,"stat.mineBlock.minecraft.bookshelf":7,"stat.craftItem.minecraft.shears":1,"stat.useItem.minecraft.golden_apple":3,"stat.entityKilledBy.rogue_ninja":1,"stat.useItem.minecraft.spruce_door":24,"stat.pickup.minecraft.diamond":37,"stat.mineBlock.minecraft.leaves":1,"stat.pickup.narutomod.scroll_kirin":1,"stat.pickup.minecraft.torch":21,"stat.pickup.minecraft.red_flower":1,"stat.mineBlock.minecraft.redstone_ore":17,"stat.sneakTime":17769,"stat.entityKilledBy.ninjabandit":2,"stat.pickup.minecraft.wool":87,"stat.mineBlock.minecraft.bone_block":1,"stat.drop.minecraft.arrow":1,"stat.mineBlock.minecraft.hay_block":1,"stat.useItem.narutomod.military_rations_pill":3,"stat.pickup.minecraft.stone_slab":6,"stat.drop.minecraft.yellow_flower":1,"stat.pickup.minecraft.yellow_flower":2,"stat.mineBlock.minecraft.stone":384,"stat.killEntity.c":1,"stat.pickup.rerollthingy.mysteriousfruit":2,"stat.useItem.minecraft.sandstone":2,"stat.craftItem.minecraft.spruce_door":36}