{"stat.chestOpened":6,"stat.walkOneCm":131357,"stat.entityKilledBy.iwa_rogue":1,"stat.useItem.minecraft.torch":35,"stat.useItem.minecraft.bread":1,"stat.trappedChestTriggered":1,"stat.pickup.narutomod.byakuganhelmet":1,"stat.pickup.minecraft.gravel":3,"stat.craftItem.minecraft.cooked_porkchop":5,"stat.pickup.minecraft.crafting_table":1,"stat.useItem.minecraft.cobblestone":9,"stat.craftItem.minecraft.crafting_table":2,"stat.furnaceInteraction":8,"stat.mineBlock.minecraft.double_plant":1,"stat.killEntity.ninjabandit":7,"stat.killEntity.ZombieVillager":2,"stat.mineBlock.minecraft.coal_ore":150,"stat.swimOneCm":23988,"stat.jump":335,"stat.pickup.minecraft.coal":171,"stat.fallOneCm":10020,"stat.climbOneCm":2019,"stat.useItem.minecraft.planks":2,"stat.pickup.minecraft.iron_ingot":2,"stat.pickup.minecraft.beef":8,"stat.pickup.minecraft.furnace":2,"stat.drop.minecraft.cobblestone":1,"stat.pickup.narutomod.ryo_100":19,"stat.entityKilledBy.Skeleton":1,"stat.useItem.minecraft.stone_axe":19,"stat.craftItem.minecraft.stone_slab2":0,"stat.pickup.minecraft.porkchop":3,"stat.crouchOneCm":238,"stat.craftItem.minecraft.torch":76,"stat.craftItem.minecraft.iron_ingot":15,"stat.pickup.minecraft.dirt":17,"stat.craftItem.minecraft.iron_helmet":1,"stat.sprintOneCm":26237,"stat.useItem.minecraft.stone_slab2":9,"stat.pickup.minecraft.melon":29,"stat.craftItem.minecraft.stick":16,"stat.pickup.minecraft.iron_ore":158,"stat.craftingTableInteraction":9,"stat.pickup.minecraft.rotten_flesh":13,"stat.killEntity.Skeleton":3,"stat.pickup.minecraft.sand":20,"stat.craftItem.minecraft.furnace":3,"stat.pickup.minecraft.gold_ore":21,"stat.mineBlock.minecraft.lapis_ore":9,"stat.useItem.minecraft.iron_sword":131,"stat.mineBlock.minecraft.diamond_ore":4,"stat.damageTaken":3364,"stat.pickup.minecraft.leather":8,"stat.mineBlock.minecraft.crafting_table":1,"stat.mineBlock.minecraft.melon_block":6,"stat.mineBlock.minecraft.furnace":2,"stat.useItem.minecraft.furnace":1,"stat.craftItem.minecraft.cooked_beef":8,"stat.mobKills":40,"stat.pickup.minecraft.cobblestone":198,"stat.entityKilledBy.Creeper":2,"stat.pickup.minecraft.dye":56,"stat.pickup.minecraft.planks":57,"stat.flyOneCm":45739,"stat.deaths":8,"stat.mineBlock.minecraft.planks":1,"stat.pickup.minecraft.sandstone":3,"stat.drop":2,"stat.pickup.minecraft.diamond":4,"stat.mineBlock.minecraft.sand":2,"stat.playOneMinute":34803,"stat.entityKilledBy.Zombie":2,"stat.drop.minecraft.wheat_seeds":7,"stat.pickup.minecraft.torch":15,"stat.useItem.minecraft.stone_pickaxe":131,"stat.useItem.minecraft.cooked_beef":5,"stat.mineBlock.minecraft.redstone_ore":13,"stat.sneakTime":92,"stat.craftItem.minecraft.iron_pickaxe":2,"stat.entityKilledBy.ninjabandit":2,"stat.damageDealt":6113,"stat.pickup.minecraft.redstone":59,"stat.mineBlock.minecraft.iron_ore":114,"stat.killEntity.Zombie":20,"stat.timeSinceDeath":2422,"stat.killEntity.Cow":4,"stat.useItem.minecraft.iron_pickaxe":380,"stat.mineBlock.minecraft.dirt":17,"stat.killEntity.Pig":1,"stat.mineBlock.minecraft.stone":197,"stat.mineBlock.minecraft.gold_ore":21,"stat.mineBlock.minecraft.tallgrass":7,"stat.diveOneCm":44481,"stat.useItem.minecraft.sandstone":2}