{"stat.pickup.minecraft.wooden_slab":2,"stat.pickup.tconstruct.longsword":1,"stat.leaveGame":6,"stat.drop.minecraft.gunpowder":5,"stat.drop.minecraft.redstone":1,"stat.mineBlock.minecraft.sandstone":2,"stat.drop.narutomod.shuriken":3,"stat.mineBlock.minecraft.web":2,"stat.pickup.narutomod.mask_anbu_1helmet":1,"stat.drop.minecraft.iron_sword":2,"stat.pickup.minecraft.rotten_flesh":95,"stat.useItem.ironfurnaces.diamond_furnace_idle":1,"stat.killEntity.Enderman":12,"stat.mineBlock.minecraft.wooden_slab":2,"stat.pickup.minecraft.leather_boots":1,"stat.craftItem.minecraft.iron_shovel":1,"stat.killEntity.darui":1,"stat.killEntity.Witch":3,"stat.useItem.minecraft.iron_pickaxe":500,"stat.pickup.minecraft.stained_hardened_clay":3,"stat.useItem.minecraft.iron_shovel":153,"stat.drop.minecraft.cooked_mutton":1,"stat.pickup.minecraft.double_plant":2,"stat.craftItem.minecraft.bed":1,"stat.pickup.narutomod.scroll_big_blow":1,"stat.mineBlock.minecraft.vine":3,"stat.furnaceInteraction":71,"stat.killEntity.lava_ninja":7,"stat.useItem.minecraft.nether_wart":2,"stat.killEntity.ZombieVillager":11,"stat.mineBlock.rerollthingy.mysteriousplantbottom":2,"stat.pickup.minecraft.nether_brick":5,"stat.drop.minecraft.red_flower":4,"stat.craftItem.minecraft.leather_helmet":1,"stat.drop.narutomod.scroll_fire_stream":1,"stat.pickup.minecraft.beef":8,"stat.pickup.minecraft.hay_block":1,"stat.mineBlock.minecraft.stained_hardened_clay":7,"stat.drop.narutomod.byakuganhelmet":1,"stat.killEntity.Husk":3,"stat.entityKilledBy.c":3,"stat.pickup.minecraft.emerald":7,"stat.useItem.minecraft.dye":44,"stat.deaths":98,"stat.pickup.minecraft.egg":2,"stat.killEntity.uchiha_obito":1,"stat.useItem.minecraft.nether_brick":4,"stat.craftItem.minecraft.iron_pickaxe":2,"stat.mineBlock.minecraft.tallgrass":82,"stat.craftItem.minecraft.cooked_mutton":64,"stat.useItem.ironfurnaces.gold_furnace_idle":2,"stat.drop.narutomod.military_rations_pill":1,"stat.chestOpened":126,"stat.useItem.minecraft.stone":1,"stat.pickup.minecraft.arrow":69,"stat.pickup.minecraft.iron_sword":1,"stat.killEntity.s_rank_missing_ninja":12,"stat.entityKilledBy.edotensei_nagato":11,"stat.killEntity.whitezetsu":5,"stat.pickup.minecraft.carrot":61,"stat.crouchOneCm":394476,"stat.entityKilledBy.giant_dog_2h":1,"stat.craftItem.minecraft.diamond":9,"stat.craftItem.minecraft.iron_ingot":146,"stat.killEntity.ay":1,"stat.craftingTableInteraction":47,"stat.killEntity.kimimaro":1,"stat.mineBlock.minecraft.log2":8,"stat.useItem.tconstruct.longsword":2,"stat.pickup.minecraft.dye":65,"stat.pickup.minecraft.planks":62,"stat.pickup.minecraft.wheat_seeds":12,"stat.mineBlock.minecraft.dirt":269,"stat.killEntity.VindicationIllager":19,"stat.drop.minecraft.paper":1,"stat.useItem.minecraft.bread":58,"stat.pickup.minecraft.brewing_stand":1,"stat.drop.minecraft.rotten_flesh":11,"stat.useItem.minecraft.cobblestone":160,"stat.pickup.minecraft.magma":1,"stat.mineBlock.minecraft.double_plant":3,"stat.killEntity.otsutsuki":1,"stat.pickup.narutomod.whitezetsuflesh":2,"stat.entityKilledBy.uzumaki_naruto":3,"stat.craftItem.minecraft.gold_ingot":30,"stat.pickup.minecraft.chicken":2,"stat.drop.minecraft.gold_nugget":4,"stat.pickup.minecraft.banner":1,"stat.craftItem.minecraft.bucket":1,"stat.useItem.minecraft.iron_sword":456,"stat.craftItem.minecraft.planks":184,"stat.pickup.minecraft.book":21,"stat.mineBlock.minecraft.log":44,"stat.craftItem.minecraft.wooden_door":30,"stat.useItem.minecraft.wooden_door":29,"stat.entityKilledBy.snake_summon":1,"stat.useItem.minecraft.spruce_door":24,"stat.pickup.minecraft.iron_door":1,"stat.craftItem.minecraft.paper":3,"stat.pickup.minecraft.red_flower":5,"stat.pickup.minecraft.wool":91,"stat.pickup.rerollthingy.mysteriousfruit":9,"stat.craftItem.minecraft.spruce_door":36,"stat.cakeSlicesEaten":2,"stat.entityKilledBy.iwa_rogue":5,"stat.craftItem.minecraft.diamond_leggings":2,"stat.useItem.minecraft.iron_axe":84,"stat.mineBlock.minecraft.cobblestone":47,"stat.pickup.minecraft.stone_pickaxe":1,"stat.pickup.minecraft.leather_chestplate":2,"stat.mineBlock.ironfurnaces.gold_furnace_idle":2,"stat.killEntity.iwa_rogue":16,"stat.drop.minecraft.cobblestone":69,"stat.useItem.minecraft.stone_slab2":68,"stat.pickup.minecraft.bow":3,"stat.craftItem.minecraft.furnace":8,"stat.useItem.minecraft.egg":2,"stat.craftItem.minecraft.iron_boots":1,"stat.craftItem.minecraft.cooked_beef":8,"stat.pickup.minecraft.iron_trapdoor":1,"stat.entityKilledBy.kimimaro":14,"stat.pickup.minecraft.diamond_leggings":1,"stat.flyOneCm":8984111,"stat.pickup.minecraft.sandstone":5,"stat.pickup.minecraft.nether_brick_stairs":2,"stat.timeSinceDeath":6300,"stat.useItem.minecraft.wooden_slab":5,"stat.drop.minecraft.spider_eye":3,"stat.pickup.narutomod.scroll_kage_bunshin":1,"stat.killEntity.Bat":4,"stat.useItem.minecraft.potato":10,"stat.pickup.minecraft.nether_wart":34,"stat.mineBlock.minecraft.coal_ore":273,"stat.killEntity.Creeper":51,"stat.pickup.minecraft.shield":4,"stat.craftItem.minecraft.stone_hoe":1,"stat.talkedToVillager":39,"stat.killEntity.slug":1,"stat.pickup.minecraft.string":40,"stat.drop.usefulbackpacks.backpack":2,"stat.entityKilledBy.Skeleton":1,"stat.killEntity.Squid":7,"stat.sprintOneCm":744246,"stat.mineBlock.minecraft.stone_slab":7,"stat.killEntity.storm_rogue":2,"stat.pickup.minecraft.bone_block":1,"stat.killEntity.giant_dog_2h":5,"stat.mineBlock.minecraft.diamond_ore":4,"stat.drop.narutomod.scroll_body_replacement":2,"stat.pickup.minecraft.leather_leggings":1,"stat.craftItem.minecraft.speckled_melon":4,"stat.pickup.narutomod.scroll_false_darkness":1,"stat.killEntity.itachi":1,"stat.entityKilledBy.hatake_kakashi":2,"stat.killEntity.Zombie":221,"stat.craftItem.minecraft.dye":45,"stat.mineBlock.minecraft.gold_ore":57,"stat.diveOneCm":687858,"stat.pickup.minecraft.wheat":1,"stat.pickup.narutomod.mangekyosharinganhelmet":1,"stat.mineBlock.minecraft.mossy_cobblestone":3,"stat.craftItem.ironfurnaces.iron_furnace_idle":5,"stat.craftItem.minecraft.cooked_porkchop":17,"stat.killEntity.ninjabandit":120,"stat.useItem.minecraft.rotten_flesh":11,"stat.jump":14145,"stat.useItem.minecraft.sand":9,"stat.pickup.minecraft.coal":325,"stat.pickup.minecraft.iron_ingot":16,"stat.pickup.minecraft.gunpowder":16,"stat.craftItem.minecraft.torch":76,"stat.pickup.minecraft.dirt":393,"stat.pickup.minecraft.gold_ore":57,"stat.useItem.minecraft.sapling":5,"stat.mineBlock.minecraft.lapis_ore":9,"stat.pickup.minecraft.iron_axe":1,"stat.mineBlock.minecraft.glass_pane":2,"stat.entityKilledBy.itachi":3,"stat.damageTaken":167842,"stat.mineBlock.minecraft.melon_block":6,"stat.mineBlock.minecraft.torch":1,"stat.mineBlock.minecraft.red_flower":3,"stat.craftItem.narutomod.samurai_armorbody":2,"stat.mineBlock.minecraft.sapling":2,"stat.pickup.minecraft.log2":7,"stat.pickup.narutomod.scroll_water_dragon":1,"stat.pickup.minecraft.bed":3,"stat.pickup.minecraft.quartz_block":13,"stat.pickup.minecraft.potato":11,"stat.entityKilledBy.Zombie":3,"stat.killEntity.snake_summon":9,"stat.drop.narutomod.scroll_hiding_in_camouflage":1,"stat.craftItem.minecraft.stone_slab":6,"stat.pickup.narutomod.scroll_water_shark":2,"stat.pickup.narutomod.byakuganhelmet":5,"stat.useItem.minecraft.lava_bucket":9,"stat.killEntity.rogue_ninja":32,"stat.craftItem.rerollthingy.forgedmedicaldocuments":1,"stat.craftItem.minecraft.wheat":18,"stat.pickup.narutomod.scroll_shadow_imitation":1,"stat.craftItem.minecraft.iron_chestplate":3,"stat.pickup.minecraft.baked_potato":6,"stat.entityKilledBy.otsutsuki":13,"stat.pickup.minecraft.ender_pearl":6,"stat.drop.minecraft.wooden_slab":1,"stat.entityKilledBy.toad_summon":2,"stat.mineBlock.minecraft.tnt":8,"stat.mineBlock.minecraft.stonebrick":81,"stat.pickup.narutomod.scroll_lightning_beast":1,"stat.mobKills":903,"stat.pickup.minecraft.diamond_boots":1,"stat.mineBlock.minecraft.bookshelf":7,"stat.craftItem.minecraft.shears":1,"stat.pickup.minecraft.diamond":37,"stat.pickup.narutomod.scroll_kirin":1,"stat.pickup.minecraft.torch":22,"stat.drop.minecraft.arrow":6,"stat.drop.minecraft.mutton":2,"stat.pickup.narutomod.scroll_karasu":1,"stat.pickup.narutomod.military_rations_pill":20,"stat.useItem.minecraft.soul_sand":1,"stat.useItem.narutomod.whitezetsuflesh":5,"stat.killEntity.Blaze":2,"stat.drop.minecraft.shield":1,"stat.useItem.minecraft.planks":53,"stat.pickup.minecraft.glowstone_dust":1,"stat.pickup.minecraft.porkchop":21,"stat.useItem.minecraft.water_bucket":1,"stat.mineBlock.minecraft.stone_brick_stairs":16,"stat.pickup.minecraft.sand":37,"stat.pickup.kabutoaddon.katana":1,"stat.pickup.minecraft.chainmail_chestplate":1,"stat.mineBlock.minecraft.sand":18,"stat.entityKilledBy.explosive_ninja":1,"stat.trappedChestTriggered":10,"stat.mineBlock.minecraft.dark_oak_stairs":1,"stat.drop.narutomod.ryo_100":18,"stat.pickup.minecraft.furnace":4,"stat.useItem.minecraft.cooked_mutton":52,"stat.pickup.minecraft.totem_of_undying":5,"stat.pickup.minecraft.iron_chestplate":1,"stat.pickup.minecraft.skull":1,"stat.drop.tconstruct.broadsword":4,"stat.killEntity.Horse":1,"stat.pickup.narutomod.ryo_1000":67,"stat.pickup.tconstruct.slime_dirt":1,"stat.mineBlock.minecraft.soul_sand":2,"stat.craftItem.ironfurnaces.diamond_furnace_idle":2,"stat.playOneMinute":630518,"stat.drop.minecraft.string":2,"stat.pickup.minecraft.diamond_block":1,"stat.useItem.minecraft.shears":60,"stat.pickup.minecraft.iron_bars":23,"stat.pickup.minecraft.netherrack":1,"stat.entityKilledBy.jiraiya":17,"stat.drop.narutomod.kunai":5,"stat.killEntity.rogue_anbu":7,"stat.mineBlock.minecraft.netherrack":1,"stat.pickup.narutomod.scroll_hiding_in_camouflage":1,"stat.mineBlock.minecraft.gold_block":1,"stat.fallOneCm":599793,"stat.pickup.minecraft.melon":29,"stat.pickup.minecraft.feather":1,"stat.drop.minecraft.bone":6,"stat.mineBlock.minecraft.red_nether_brick":1,"stat.useItem.minecraft.furnace":2,"stat.pickup.narutomod.scroll_fire_stream":1,"stat.pickup.minecraft.iron_leggings":2,"stat.killEntity.jiraiya":2,"stat.mineBlock.minecraft.gravel":4,"stat.useItem.minecraft.stone_pickaxe":131,"stat.craftItem.minecraft.iron_leggings":1,"stat.pickup.kabutoaddon.kg_remover":1,"stat.useItem.minecraft.torch":57,"stat.pickup.minecraft.golden_apple":2,"stat.pickup.narutomod.scroll_lightning_chakra_mode":1,"stat.drop.minecraft.stone_brick_stairs":4,"stat.pickup.minecraft.crafting_table":1,"stat.useItem.minecraft.log":9,"stat.craftItem.minecraft.crafting_table":10,"stat.pickup.minecraft.log":49,"stat.drop.minecraft.stonebrick":6,"stat.pickup.narutomod.shuriken":10,"stat.pickup.usefulbackpacks.backpack":2,"stat.craftItem.usefulbackpacks.backpack":4,"stat.useItem.kabutoaddon.katana":8,"stat.pickup.ironfurnaces.gold_furnace_idle":2,"stat.pickup.minecraft.sapling":50,"stat.drop.minecraft.clay":9,"stat.pickup.tconstruct.broadsword":6,"stat.killEntity.WitherSkeleton":3,"stat.killEntity.yakushi_kabuto":3,"stat.useItem.minecraft.stone_hoe":80,"stat.sneakTime":49224,"stat.useItem.minecraft.baked_potato":6,"stat.useItem.narutomod.military_rations_pill":17,"stat.useItem.rerollthingy.mysteriousfruit":1,"stat.pickup.minecraft.stone_slab":6,"stat.drop.minecraft.yellow_flower":1,"stat.pickup.minecraft.yellow_flower":2,"stat.killEntity.c":5,"stat.pickup.minecraft.bone":77,"stat.swimOneCm":185280,"stat.mineBlock.minecraft.diamond_block":1,"stat.climbOneCm":13939,"stat.killEntity.edotensei_nagato":1,"stat.useItem.minecraft.dirt":170,"stat.pickup.minecraft.golden_helmet":2,"stat.killEntity.explosive_ninja":4,"stat.pickup.narutomod.scroll_futon_chakra_flow":2,"stat.mineBlock.minecraft.magma":1,"stat.pickup.minecraft.cobblestone":498,"stat.pickup.minecraft.gold_block":1,"stat.pickup.minecraft.clay":29,"stat.pickup.minecraft.soul_sand":2,"stat.entityKilledBy.edotensei_itachi":1,"stat.pickup.narutomod.kunai":18,"stat.drop.minecraft.wheat_seeds":12,"stat.useItem.minecraft.cooked_beef":13,"stat.craftItem.minecraft.wooden_slab":6,"stat.pickup.minecraft.redstone":99,"stat.mineBlock.minecraft.iron_ore":221,"stat.useItem.tconstruct.broadsword":142,"stat.pickup.minecraft.mutton":54,"stat.drop.minecraft.iron_bars":3,"stat.pickup.minecraft.stonebrick":41,"stat.drop.minecraft.dirt":42,"stat.useItem.minecraft.cooked_porkchop":27,"stat.pickup.minecraft.carpet":7,"stat.mineBlock.minecraft.nether_brick":5,"stat.pickup.narutomod.ryo_100":148,"stat.craftItem.minecraft.stone_slab2":0,"stat.pickup.minecraft.paper":3,"stat.craftItem.minecraft.stick":44,"stat.useItem.minecraft.stone_slab":3,"stat.pickup.narutomod.scroll_earth_spears":1,"stat.craftItem.minecraft.gold_nugget":54,"stat.mineBlock.minecraft.crafting_table":1,"stat.useItem.minecraft.diamond_pickaxe":817,"stat.mineBlock.minecraft.quartz_block":42,"stat.useItem.minecraft.carrot":55,"stat.craftItem.ironfurnaces.gold_furnace_idle":5,"stat.entityKilledBy.Creeper":2,"stat.mineBlock.minecraft.planks":11,"stat.drop":87,"stat.killEntity.Sheep":30,"stat.pickup.narutomod.scroll_earth_wall":1,"stat.craftItem.minecraft.diamond_pickaxe":1,"stat.pickup.minecraft.golden_chestplate":1,"stat.drop.narutomod.asuracanon":1,"stat.entityKilledBy.haku":1,"stat.drop.narutomod.scroll_earth_spears":1,"stat.pickup.minecraft.gravel":8,"stat.killEntity.EvocationIllager":5,"stat.entityKilledBy.yakushi_kabuto":2,"stat.drop.narutomod.ryo_1000":13,"stat.pickup.tconstruct.sharpening_kit":16,"stat.pickup.minecraft.stone_brick_stairs":6,"stat.drop.minecraft.cooked_porkchop":1,"stat.pickup.minecraft.iron_helmet":1,"stat.pickup.narutomod.scroll_body_replacement":5,"stat.pickup.narutomod.scroll_great_fireball":1,"stat.useItem.minecraft.stone_axe":35,"stat.craftItem.minecraft.bread":40,"stat.pickup.minecraft.spider_eye":14,"stat.craftItem.minecraft.iron_helmet":1,"stat.pickup.minecraft.iron_ore":262,"stat.mineBlock.minecraft.iron_bars":27,"stat.mineBlock.minecraft.leaves2":2,"stat.mineBlock.minecraft.stone_stairs":1,"stat.pickup.minecraft.leather":12,"stat.mineBlock.minecraft.furnace":2,"stat.pickup.narutomod.anbu_sword":1,"stat.mineBlock.rerollthingy.mysteriousplanttop":7,"stat.killEntity.CaveSpider":20,"stat.pickup.narutomod.scroll_sanshouo":1,"stat.damageDealt":361929,"stat.craftItem.minecraft.glass":12,"stat.killEntity.edotensei_itachi":1,"stat.sleepInBed":2,"stat.mineBlock.minecraft.nether_brick_stairs":2,"stat.killEntity.Cow":7,"stat.killEntity.Pig":10,"stat.walkOneCm":3064479,"stat.pickup.narutomod.scroll_water_stream":1,"stat.playerKills":21,"stat.pickup.minecraft.stick":2,"stat.pickup.minecraft.clay_ball":1,"stat.entityKilledBy.s_rank_missing_ninja":2,"stat.craftItem.minecraft.diamond_boots":2,"stat.killEntity.toad_summon":8,"stat.pickup.minecraft.stone":63,"stat.mineBlock.minecraft.wool":60,"stat.pickup.minecraft.gold_ingot":49,"stat.killEntity.Skeleton":130,"stat.killEntity.Chicken":6,"stat.killEntity.Spider":66,"stat.useItem.minecraft.golden_apple":3,"stat.entityKilledBy.rogue_ninja":1,"stat.mineBlock.minecraft.leaves":17,"stat.mineBlock.minecraft.redstone_ore":17,"stat.entityKilledBy.ninjabandit":2,"stat.mineBlock.minecraft.bone_block":1,"stat.mineBlock.minecraft.hay_block":1,"stat.useItem.narutomod.black_receiver":1,"stat.mineBlock.minecraft.stone":555,"stat.useItem.minecraft.sandstone":2}