{"stat.drop.minecraft.mutton":2,"stat.pickup.minecraft.wooden_slab":2,"stat.pickup.narutomod.scroll_karasu":1,"stat.pickup.tconstruct.longsword":1,"stat.leaveGame":4,"stat.pickup.narutomod.military_rations_pill":11,"stat.useItem.narutomod.whitezetsuflesh":3,"stat.killEntity.Blaze":2,"stat.drop.narutomod.shuriken":3,"stat.useItem.minecraft.planks":17,"stat.mineBlock.minecraft.web":1,"stat.pickup.minecraft.porkchop":16,"stat.drop.minecraft.iron_sword":1,"stat.useItem.minecraft.water_bucket":1,"stat.mineBlock.minecraft.stone_brick_stairs":4,"stat.pickup.minecraft.rotten_flesh":67,"stat.pickup.minecraft.sand":32,"stat.useItem.ironfurnaces.diamond_furnace_idle":1,"stat.pickup.kabutoaddon.katana":1,"stat.killEntity.Enderman":5,"stat.mineBlock.minecraft.wooden_slab":2,"stat.pickup.minecraft.leather_boots":1,"stat.craftItem.minecraft.iron_shovel":1,"stat.pickup.minecraft.chainmail_chestplate":1,"stat.mineBlock.minecraft.sand":14,"stat.useItem.minecraft.iron_pickaxe":500,"stat.pickup.minecraft.stained_hardened_clay":3,"stat.entityKilledBy.explosive_ninja":1,"stat.useItem.minecraft.iron_shovel":153,"stat.drop.minecraft.cooked_mutton":1,"stat.pickup.minecraft.double_plant":2,"stat.craftItem.minecraft.bed":1,"stat.trappedChestTriggered":7,"stat.pickup.narutomod.scroll_big_blow":1,"stat.mineBlock.minecraft.vine":1,"stat.furnaceInteraction":65,"stat.killEntity.lava_ninja":1,"stat.killEntity.ZombieVillager":7,"stat.mineBlock.rerollthingy.mysteriousplantbottom":1,"stat.drop.narutomod.ryo_100":5,"stat.pickup.minecraft.nether_brick":5,"stat.drop.minecraft.red_flower":1,"stat.craftItem.minecraft.leather_helmet":1,"stat.drop.narutomod.scroll_fire_stream":1,"stat.pickup.minecraft.beef":8,"stat.pickup.minecraft.furnace":4,"stat.useItem.minecraft.cooked_mutton":31,"stat.pickup.minecraft.hay_block":1,"stat.mineBlock.minecraft.stained_hardened_clay":7,"stat.pickup.minecraft.skull":1,"stat.drop.tconstruct.broadsword":2,"stat.killEntity.Horse":1,"stat.pickup.narutomod.ryo_1000":24,"stat.killEntity.Husk":3,"stat.entityKilledBy.c":3,"stat.mineBlock.minecraft.soul_sand":2,"stat.useItem.minecraft.dye":44,"stat.deaths":86,"stat.craftItem.ironfurnaces.diamond_furnace_idle":2,"stat.playOneMinute":305104,"stat.drop.minecraft.string":2,"stat.useItem.minecraft.nether_brick":4,"stat.craftItem.minecraft.iron_pickaxe":2,"stat.pickup.minecraft.diamond_block":1,"stat.useItem.minecraft.shears":60,"stat.pickup.minecraft.iron_bars":12,"stat.mineBlock.minecraft.tallgrass":36,"stat.craftItem.minecraft.cooked_mutton":47,"stat.useItem.ironfurnaces.gold_furnace_idle":2,"stat.entityKilledBy.jiraiya":13,"stat.drop.narutomod.military_rations_pill":1,"stat.chestOpened":83,"stat.drop.narutomod.kunai":2,"stat.useItem.minecraft.stone":1,"stat.killEntity.rogue_anbu":1,"stat.pickup.minecraft.arrow":54,"stat.killEntity.s_rank_missing_ninja":4,"stat.entityKilledBy.edotensei_nagato":7,"stat.fallOneCm":268991,"stat.killEntity.whitezetsu":3,"stat.pickup.minecraft.carrot":52,"stat.crouchOneCm":176245,"stat.entityKilledBy.giant_dog_2h":1,"stat.craftItem.minecraft.diamond":9,"stat.craftItem.minecraft.iron_ingot":146,"stat.pickup.minecraft.melon":29,"stat.craftingTableInteraction":39,"stat.pickup.minecraft.feather":1,"stat.drop.minecraft.bone":4,"stat.mineBlock.minecraft.red_nether_brick":1,"stat.useItem.tconstruct.longsword":2,"stat.useItem.minecraft.furnace":2,"stat.pickup.minecraft.dye":56,"stat.pickup.minecraft.planks":57,"stat.pickup.minecraft.iron_leggings":2,"stat.killEntity.jiraiya":1,"stat.pickup.minecraft.wheat_seeds":5,"stat.mineBlock.minecraft.gravel":1,"stat.useItem.minecraft.stone_pickaxe":131,"stat.craftItem.minecraft.iron_leggings":1,"stat.mineBlock.minecraft.dirt":250,"stat.drop.minecraft.paper":1,"stat.useItem.minecraft.torch":44,"stat.useItem.minecraft.bread":52,"stat.pickup.minecraft.brewing_stand":1,"stat.pickup.minecraft.golden_apple":2,"stat.drop.minecraft.stone_brick_stairs":4,"stat.drop.minecraft.rotten_flesh":6,"stat.pickup.minecraft.crafting_table":1,"stat.useItem.minecraft.log":8,"stat.useItem.minecraft.cobblestone":70,"stat.pickup.minecraft.magma":1,"stat.craftItem.minecraft.crafting_table":8,"stat.mineBlock.minecraft.double_plant":2,"stat.pickup.narutomod.whitezetsuflesh":2,"stat.pickup.minecraft.log":10,"stat.entityKilledBy.uzumaki_naruto":2,"stat.pickup.narutomod.shuriken":6,"stat.craftItem.usefulbackpacks.backpack":4,"stat.craftItem.minecraft.gold_ingot":28,"stat.pickup.ironfurnaces.gold_furnace_idle":2,"stat.pickup.minecraft.sapling":14,"stat.drop.minecraft.clay":9,"stat.pickup.tconstruct.broadsword":3,"stat.craftItem.minecraft.bucket":1,"stat.useItem.minecraft.iron_sword":182,"stat.craftItem.minecraft.planks":80,"stat.killEntity.WitherSkeleton":3,"stat.killEntity.yakushi_kabuto":1,"stat.pickup.minecraft.book":21,"stat.mineBlock.minecraft.log":8,"stat.useItem.minecraft.stone_hoe":80,"stat.entityKilledBy.snake_summon":1,"stat.useItem.minecraft.spruce_door":24,"stat.pickup.minecraft.red_flower":2,"stat.sneakTime":23824,"stat.pickup.minecraft.wool":87,"stat.useItem.narutomod.military_rations_pill":5,"stat.pickup.minecraft.stone_slab":6,"stat.drop.minecraft.yellow_flower":1,"stat.pickup.minecraft.yellow_flower":2,"stat.killEntity.c":2,"stat.pickup.rerollthingy.mysteriousfruit":2,"stat.craftItem.minecraft.spruce_door":36,"stat.cakeSlicesEaten":2,"stat.entityKilledBy.iwa_rogue":5,"stat.pickup.minecraft.bone":64,"stat.craftItem.minecraft.diamond_leggings":1,"stat.useItem.minecraft.iron_axe":17,"stat.mineBlock.minecraft.cobblestone":12,"stat.pickup.minecraft.stone_pickaxe":1,"stat.pickup.minecraft.leather_chestplate":2,"stat.swimOneCm":91729,"stat.mineBlock.ironfurnaces.gold_furnace_idle":2,"stat.mineBlock.minecraft.diamond_block":1,"stat.climbOneCm":7635,"stat.killEntity.iwa_rogue":7,"stat.drop.minecraft.cobblestone":65,"stat.useItem.minecraft.dirt":136,"stat.pickup.minecraft.golden_helmet":2,"stat.useItem.minecraft.stone_slab2":38,"stat.pickup.minecraft.bow":1,"stat.craftItem.minecraft.furnace":8,"stat.craftItem.minecraft.iron_boots":1,"stat.killEntity.explosive_ninja":1,"stat.craftItem.minecraft.cooked_beef":8,"stat.mineBlock.minecraft.magma":1,"stat.pickup.minecraft.cobblestone":444,"stat.entityKilledBy.kimimaro":13,"stat.pickup.minecraft.diamond_leggings":1,"stat.flyOneCm":3756246,"stat.pickup.minecraft.clay":29,"stat.pickup.minecraft.sandstone":3,"stat.pickup.minecraft.soul_sand":2,"stat.entityKilledBy.edotensei_itachi":1,"stat.pickup.minecraft.nether_brick_stairs":2,"stat.pickup.narutomod.kunai":7,"stat.drop.minecraft.wheat_seeds":10,"stat.useItem.minecraft.cooked_beef":13,"stat.craftItem.minecraft.wooden_slab":6,"stat.pickup.minecraft.redstone":98,"stat.mineBlock.minecraft.iron_ore":219,"stat.useItem.tconstruct.broadsword":80,"stat.timeSinceDeath":232,"stat.useItem.minecraft.wooden_slab":5,"stat.pickup.minecraft.mutton":49,"stat.pickup.minecraft.nether_wart":34,"stat.pickup.minecraft.stonebrick":10,"stat.drop.minecraft.dirt":2,"stat.useItem.minecraft.cooked_porkchop":17,"stat.pickup.minecraft.carpet":7,"stat.mineBlock.minecraft.coal_ore":250,"stat.mineBlock.minecraft.nether_brick":5,"stat.killEntity.Creeper":15,"stat.pickup.minecraft.shield":1,"stat.craftItem.minecraft.stone_hoe":1,"stat.pickup.minecraft.string":35,"stat.pickup.narutomod.ryo_100":55,"stat.entityKilledBy.Skeleton":1,"stat.craftItem.minecraft.stone_slab2":0,"stat.killEntity.Squid":1,"stat.sprintOneCm":397266,"stat.pickup.minecraft.paper":3,"stat.mineBlock.minecraft.stone_slab":7,"stat.craftItem.minecraft.stick":44,"stat.pickup.minecraft.bone_block":1,"stat.killEntity.giant_dog_2h":3,"stat.useItem.minecraft.stone_slab":1,"stat.mineBlock.minecraft.diamond_ore":4,"stat.mineBlock.minecraft.crafting_table":1,"stat.useItem.minecraft.diamond_pickaxe":518,"stat.mineBlock.minecraft.quartz_block":1,"stat.useItem.minecraft.carrot":50,"stat.craftItem.ironfurnaces.gold_furnace_idle":5,"stat.pickup.minecraft.leather_leggings":1,"stat.entityKilledBy.Creeper":2,"stat.mineBlock.minecraft.planks":4,"stat.drop":32,"stat.killEntity.Sheep":27,"stat.entityKilledBy.hatake_kakashi":2,"stat.craftItem.minecraft.diamond_pickaxe":1,"stat.pickup.minecraft.golden_chestplate":1,"stat.killEntity.Zombie":127,"stat.craftItem.minecraft.dye":45,"stat.mineBlock.minecraft.gold_ore":57,"stat.diveOneCm":223158,"stat.craftItem.ironfurnaces.iron_furnace_idle":5,"stat.entityKilledBy.haku":1,"stat.pickup.minecraft.gravel":6,"stat.craftItem.minecraft.cooked_porkchop":17,"stat.killEntity.ninjabandit":39,"stat.entityKilledBy.yakushi_kabuto":2,"stat.pickup.tconstruct.sharpening_kit":15,"stat.useItem.minecraft.rotten_flesh":11,"stat.pickup.minecraft.stone_brick_stairs":4,"stat.jump":7481,"stat.useItem.minecraft.sand":9,"stat.pickup.minecraft.coal":297,"stat.pickup.minecraft.iron_helmet":1,"stat.pickup.minecraft.iron_ingot":11,"stat.pickup.narutomod.scroll_body_replacement":1,"stat.useItem.minecraft.stone_axe":35,"stat.craftItem.minecraft.bread":40,"stat.pickup.minecraft.gunpowder":4,"stat.pickup.minecraft.spider_eye":8,"stat.craftItem.minecraft.torch":76,"stat.pickup.minecraft.dirt":282,"stat.craftItem.minecraft.iron_helmet":1,"stat.pickup.minecraft.iron_ore":262,"stat.pickup.minecraft.gold_ore":57,"stat.mineBlock.minecraft.iron_bars":16,"stat.mineBlock.minecraft.lapis_ore":9,"stat.pickup.minecraft.iron_axe":1,"stat.mineBlock.minecraft.leaves2":1,"stat.entityKilledBy.itachi":2,"stat.pickup.minecraft.leather":12,"stat.damageTaken":74696,"stat.mineBlock.minecraft.melon_block":6,"stat.mineBlock.minecraft.furnace":2,"stat.mineBlock.minecraft.torch":1,"stat.mineBlock.minecraft.red_flower":1,"stat.craftItem.narutomod.samurai_armorbody":1,"stat.mineBlock.minecraft.sapling":1,"stat.mineBlock.rerollthingy.mysteriousplanttop":1,"stat.killEntity.CaveSpider":20,"stat.pickup.minecraft.bed":3,"stat.pickup.minecraft.quartz_block":1,"stat.entityKilledBy.Zombie":3,"stat.killEntity.snake_summon":6,"stat.damageDealt":138003,"stat.craftItem.minecraft.glass":12,"stat.sleepInBed":1,"stat.mineBlock.minecraft.nether_brick_stairs":2,"stat.killEntity.Cow":5,"stat.killEntity.Pig":7,"stat.craftItem.minecraft.stone_slab":6,"stat.pickup.narutomod.scroll_water_shark":1,"stat.walkOneCm":1209305,"stat.pickup.narutomod.scroll_water_stream":1,"stat.playerKills":2,"stat.pickup.narutomod.byakuganhelmet":1,"stat.entityKilledBy.s_rank_missing_ninja":2,"stat.useItem.minecraft.lava_bucket":9,"stat.killEntity.rogue_ninja":10,"stat.craftItem.minecraft.diamond_boots":1,"stat.craftItem.minecraft.wheat":18,"stat.killEntity.toad_summon":4,"stat.pickup.minecraft.stone":55,"stat.craftItem.minecraft.iron_chestplate":2,"stat.mineBlock.minecraft.wool":60,"stat.entityKilledBy.otsutsuki":12,"stat.pickup.minecraft.ender_pearl":3,"stat.drop.minecraft.wooden_slab":1,"stat.killEntity.Skeleton":85,"stat.entityKilledBy.toad_summon":2,"stat.mineBlock.minecraft.stonebrick":21,"stat.killEntity.Chicken":1,"stat.killEntity.Spider":50,"stat.pickup.narutomod.scroll_lightning_beast":1,"stat.mobKills":471,"stat.pickup.minecraft.diamond_boots":1,"stat.mineBlock.minecraft.bookshelf":7,"stat.craftItem.minecraft.shears":1,"stat.useItem.minecraft.golden_apple":3,"stat.entityKilledBy.rogue_ninja":1,"stat.pickup.minecraft.diamond":37,"stat.mineBlock.minecraft.leaves":5,"stat.pickup.narutomod.scroll_kirin":1,"stat.pickup.minecraft.torch":21,"stat.mineBlock.minecraft.redstone_ore":17,"stat.entityKilledBy.ninjabandit":2,"stat.mineBlock.minecraft.bone_block":1,"stat.drop.minecraft.arrow":2,"stat.mineBlock.minecraft.hay_block":1,"stat.mineBlock.minecraft.stone":476,"stat.useItem.minecraft.sandstone":2}