{"stat.drop.minecraft.mutton":2,"stat.entityKilledBy.iwa_rogue":4,"stat.pickup.minecraft.bone":15,"stat.pickup.minecraft.wooden_slab":2,"stat.craftItem.minecraft.diamond_leggings":1,"stat.pickup.tconstruct.longsword":1,"stat.leaveGame":1,"stat.pickup.narutomod.military_rations_pill":1,"stat.mineBlock.minecraft.cobblestone":11,"stat.useItem.narutomod.whitezetsuflesh":1,"stat.swimOneCm":55474,"stat.climbOneCm":6731,"stat.useItem.minecraft.planks":2,"stat.killEntity.iwa_rogue":2,"stat.mineBlock.minecraft.web":1,"stat.drop.minecraft.cobblestone":65,"stat.pickup.minecraft.porkchop":15,"stat.useItem.minecraft.dirt":51,"stat.useItem.minecraft.stone_slab2":24,"stat.pickup.minecraft.bow":1,"stat.drop.minecraft.iron_sword":1,"stat.pickup.minecraft.rotten_flesh":34,"stat.pickup.minecraft.sand":20,"stat.craftItem.minecraft.furnace":3,"stat.craftItem.minecraft.iron_boots":1,"stat.craftItem.minecraft.cooked_beef":8,"stat.pickup.kabutoaddon.katana":1,"stat.pickup.minecraft.cobblestone":340,"stat.mineBlock.minecraft.wooden_slab":2,"stat.entityKilledBy.kimimaro":9,"stat.flyOneCm":1786642,"stat.pickup.minecraft.clay":29,"stat.pickup.minecraft.sandstone":3,"stat.mineBlock.minecraft.sand":2,"stat.pickup.narutomod.kunai":1,"stat.drop.minecraft.wheat_seeds":9,"stat.useItem.minecraft.cooked_beef":13,"stat.pickup.minecraft.redstone":80,"stat.mineBlock.minecraft.iron_ore":115,"stat.useItem.tconstruct.broadsword":24,"stat.timeSinceDeath":448,"stat.useItem.minecraft.iron_pickaxe":500,"stat.pickup.minecraft.stained_hardened_clay":3,"stat.entityKilledBy.explosive_ninja":1,"stat.pickup.minecraft.mutton":49,"stat.pickup.minecraft.double_plant":1,"stat.craftItem.minecraft.bed":1,"stat.trappedChestTriggered":7,"stat.pickup.narutomod.scroll_big_blow":1,"stat.mineBlock.minecraft.vine":1,"stat.pickup.minecraft.stonebrick":7,"stat.furnaceInteraction":27,"stat.drop.minecraft.dirt":2,"stat.useItem.minecraft.cooked_porkchop":2,"stat.pickup.minecraft.carpet":7,"stat.killEntity.ZombieVillager":4,"stat.mineBlock.minecraft.coal_ore":164,"stat.killEntity.Creeper":6,"stat.pickup.minecraft.string":14,"stat.drop.narutomod.scroll_fire_stream":1,"stat.pickup.minecraft.beef":8,"stat.pickup.minecraft.furnace":2,"stat.pickup.narutomod.ryo_100":43,"stat.entityKilledBy.Skeleton":1,"stat.craftItem.minecraft.stone_slab2":0,"stat.pickup.minecraft.hay_block":1,"stat.killEntity.Squid":1,"stat.mineBlock.minecraft.stained_hardened_clay":7,"stat.sprintOneCm":235723,"stat.pickup.minecraft.paper":3,"stat.mineBlock.minecraft.stone_slab":7,"stat.craftItem.minecraft.stick":20,"stat.pickup.minecraft.bone_block":1,"stat.drop.tconstruct.broadsword":1,"stat.useItem.minecraft.stone_slab":1,"stat.killEntity.Horse":1,"stat.pickup.narutomod.ryo_1000":3,"stat.mineBlock.minecraft.diamond_ore":4,"stat.mineBlock.minecraft.crafting_table":1,"stat.useItem.minecraft.diamond_pickaxe":123,"stat.entityKilledBy.Creeper":2,"stat.mineBlock.minecraft.planks":4,"stat.deaths":39,"stat.drop":13,"stat.playOneMinute":158061,"stat.killEntity.Sheep":27,"stat.entityKilledBy.hatake_kakashi":2,"stat.craftItem.minecraft.iron_pickaxe":2,"stat.useItem.minecraft.shears":60,"stat.craftItem.minecraft.diamond_pickaxe":1,"stat.killEntity.Zombie":57,"stat.mineBlock.minecraft.gold_ore":29,"stat.mineBlock.minecraft.tallgrass":22,"stat.diveOneCm":112089,"stat.entityKilledBy.jiraiya":2,"stat.chestOpened":43,"stat.useItem.minecraft.stone":1,"stat.pickup.minecraft.gravel":5,"stat.pickup.minecraft.arrow":16,"stat.craftItem.minecraft.cooked_porkchop":5,"stat.killEntity.ninjabandit":29,"stat.killEntity.s_rank_missing_ninja":1,"stat.pickup.tconstruct.sharpening_kit":15,"stat.useItem.minecraft.rotten_flesh":9,"stat.jump":3173,"stat.useItem.minecraft.sand":9,"stat.pickup.minecraft.coal":185,"stat.fallOneCm":136119,"stat.pickup.minecraft.iron_ingot":11,"stat.killEntity.whitezetsu":1,"stat.pickup.narutomod.scroll_body_replacement":1,"stat.useItem.minecraft.stone_axe":33,"stat.craftItem.minecraft.bread":40,"stat.pickup.minecraft.gunpowder":4,"stat.crouchOneCm":84567,"stat.pickup.minecraft.spider_eye":2,"stat.craftItem.minecraft.torch":76,"stat.craftItem.minecraft.iron_ingot":48,"stat.pickup.minecraft.dirt":81,"stat.craftItem.minecraft.iron_helmet":1,"stat.pickup.minecraft.melon":29,"stat.pickup.minecraft.iron_ore":159,"stat.craftingTableInteraction":23,"stat.pickup.minecraft.gold_ore":29,"stat.mineBlock.minecraft.lapis_ore":9,"stat.mineBlock.minecraft.leaves2":1,"stat.pickup.minecraft.leather":12,"stat.damageTaken":20450,"stat.pickup.minecraft.feather":1,"stat.mineBlock.minecraft.melon_block":6,"stat.mineBlock.minecraft.furnace":2,"stat.useItem.tconstruct.longsword":2,"stat.mineBlock.minecraft.torch":1,"stat.useItem.minecraft.furnace":2,"stat.craftItem.narutomod.samurai_armorbody":1,"stat.pickup.minecraft.dye":56,"stat.pickup.minecraft.planks":57,"stat.killEntity.CaveSpider":20,"stat.pickup.minecraft.bed":3,"stat.pickup.minecraft.wheat_seeds":4,"stat.entityKilledBy.Zombie":2,"stat.mineBlock.minecraft.gravel":1,"stat.useItem.minecraft.stone_pickaxe":131,"stat.craftItem.minecraft.iron_leggings":1,"stat.damageDealt":49610,"stat.sleepInBed":1,"stat.killEntity.Cow":5,"stat.mineBlock.minecraft.dirt":69,"stat.killEntity.Pig":7,"stat.craftItem.minecraft.stone_slab":6,"stat.walkOneCm":594518,"stat.drop.minecraft.paper":1,"stat.useItem.minecraft.torch":44,"stat.useItem.minecraft.bread":52,"stat.playerKills":1,"stat.pickup.narutomod.byakuganhelmet":1,"stat.pickup.minecraft.crafting_table":1,"stat.useItem.minecraft.cobblestone":69,"stat.craftItem.minecraft.crafting_table":6,"stat.entityKilledBy.s_rank_missing_ninja":2,"stat.mineBlock.minecraft.double_plant":1,"stat.useItem.minecraft.lava_bucket":7,"stat.killEntity.rogue_ninja":2,"stat.pickup.narutomod.whitezetsuflesh":1,"stat.craftItem.minecraft.diamond_boots":1,"stat.entityKilledBy.uzumaki_naruto":1,"stat.craftItem.minecraft.wheat":18,"stat.pickup.narutomod.shuriken":3,"stat.craftItem.usefulbackpacks.backpack":4,"stat.pickup.minecraft.stone":31,"stat.craftItem.minecraft.iron_chestplate":2,"stat.mineBlock.minecraft.wool":60,"stat.entityKilledBy.otsutsuki":4,"stat.pickup.minecraft.sapling":4,"stat.drop.minecraft.clay":9,"stat.killEntity.Skeleton":34,"stat.pickup.tconstruct.broadsword":2,"stat.craftItem.minecraft.bucket":1,"stat.mineBlock.minecraft.stonebrick":18,"stat.useItem.minecraft.iron_sword":182,"stat.craftItem.minecraft.planks":24,"stat.killEntity.Chicken":1,"stat.killEntity.Spider":3,"stat.mobKills":216,"stat.pickup.minecraft.book":21,"stat.mineBlock.minecraft.bookshelf":7,"stat.craftItem.minecraft.shears":1,"stat.useItem.minecraft.golden_apple":3,"stat.entityKilledBy.rogue_ninja":1,"stat.useItem.minecraft.spruce_door":24,"stat.pickup.minecraft.diamond":37,"stat.pickup.narutomod.scroll_kirin":1,"stat.pickup.minecraft.torch":20,"stat.pickup.minecraft.red_flower":1,"stat.mineBlock.minecraft.redstone_ore":13,"stat.sneakTime":11194,"stat.entityKilledBy.ninjabandit":2,"stat.pickup.minecraft.wool":87,"stat.mineBlock.minecraft.bone_block":1,"stat.mineBlock.minecraft.hay_block":1,"stat.pickup.minecraft.stone_slab":6,"stat.drop.minecraft.yellow_flower":1,"stat.pickup.minecraft.yellow_flower":2,"stat.mineBlock.minecraft.stone":359,"stat.useItem.minecraft.sandstone":2,"stat.craftItem.minecraft.spruce_door":36}