{"stat.chestOpened":10,"stat.pickup.minecraft.double_plant":5,"stat.walkOneCm":434563,"stat.pickup.minecraft.bone":9,"stat.useItem.minecraft.stone":2,"stat.useItem.minecraft.potato":1,"stat.leaveGame":14,"stat.pickup.minecraft.arrow":6,"stat.pickup.minecraft.stonebrick":3,"stat.useItem.minecraft.cobblestone":8,"stat.killEntity.ninjabandit":3,"stat.entityKilledBy.yakushi_kabuto":3,"stat.killEntity.Creeper":1,"stat.useItem.minecraft.diamond_sword":222,"stat.pickup.minecraft.diamond_sword":1,"stat.jump":1197,"stat.swimOneCm":31840,"stat.entityKilledBy.uzumaki_naruto":13,"stat.fallOneCm":29577,"stat.pickup.narutomod.shuriken":6,"stat.pickup.minecraft.iron_ingot":1,"stat.pickup.minecraft.beef":2,"stat.pickup.narutomod.ryo_100":4,"stat.pickup.minecraft.carrot":1,"stat.entityKilledBy.Skeleton":3,"stat.pickup.minecraft.stone":3,"stat.pickup.minecraft.gunpowder":1,"stat.crouchOneCm":4175,"stat.pickup.minecraft.sapling":6,"stat.pickup.minecraft.dirt":70,"stat.useItem.minecraft.dirt":67,"stat.sprintOneCm":19422,"stat.useItem.minecraft.stone_slab2":4,"stat.pickup.minecraft.rotten_flesh":9,"stat.pickup.minecraft.sand":1,"stat.killEntity.Skeleton":3,"stat.entityKilledBy.Spider":2,"stat.entityKilledBy.whitezetsu":1,"stat.damageTaken":15525,"stat.pickup.minecraft.leather":1,"stat.killEntity.Spider":2,"stat.drop.minecraft.bone":1,"stat.useItem.minecraft.carrot":1,"stat.killEntity.Enderman":1,"stat.pickup.minecraft.cobblestone":9,"stat.mobKills":21,"stat.flyOneCm":92102,"stat.deaths":42,"stat.entityKilledBy.rogue_ninja":4,"stat.pickup.minecraft.wheat_seeds":1,"stat.entityKilledBy.edotensei_itachi":3,"stat.drop":1,"stat.pickup.narutomod.kunai":4,"stat.pickup.minecraft.potato":1,"stat.playOneMinute":72000,"stat.entityKilledBy.Zombie":2,"stat.pickup.narutomod.ninja_armor_kumohelmet":1,"stat.killEntity.Sheep":1,"stat.pickup.minecraft.red_flower":1,"stat.sneakTime":1518,"stat.entityKilledBy.ninjabandit":4,"stat.pickup.minecraft.wool":1,"stat.damageDealt":16039,"stat.pickup.patchouli.guide_book":1,"stat.sleepInBed":1,"stat.killEntity.Zombie":9,"stat.timeSinceDeath":1256,"stat.pickup.minecraft.stone_slab":1,"stat.killEntity.Cow":1,"stat.mineBlock.minecraft.dirt":11,"stat.mineBlock.minecraft.tallgrass":12,"stat.diveOneCm":15626,"stat.pickup.minecraft.mutton":2}