{"stat.chestOpened":10,"stat.pickup.minecraft.double_plant":5,"stat.walkOneCm":513657,"stat.pickup.minecraft.bone":11,"stat.useItem.minecraft.stone":9,"stat.useItem.minecraft.potato":1,"stat.leaveGame":14,"stat.pickup.minecraft.arrow":10,"stat.mineBlock.minecraft.cobblestone":2,"stat.pickup.minecraft.stonebrick":3,"stat.useItem.minecraft.cobblestone":8,"stat.craftItem.minecraft.crafting_table":2,"stat.killEntity.ninjabandit":5,"stat.entityKilledBy.yakushi_kabuto":3,"stat.killEntity.Creeper":1,"stat.useItem.minecraft.diamond_sword":342,"stat.pickup.minecraft.log":6,"stat.pickup.minecraft.diamond_sword":1,"stat.jump":1967,"stat.swimOneCm":68380,"stat.entityKilledBy.uzumaki_naruto":13,"stat.fallOneCm":65755,"stat.pickup.narutomod.shuriken":6,"stat.pickup.minecraft.iron_ingot":2,"stat.climbOneCm":917,"stat.pickup.minecraft.beef":2,"stat.pickup.narutomod.ryo_100":4,"stat.pickup.minecraft.carrot":1,"stat.entityKilledBy.Skeleton":5,"stat.pickup.minecraft.stone":14,"stat.pickup.minecraft.gunpowder":2,"stat.crouchOneCm":42367,"stat.pickup.minecraft.sapling":6,"stat.pickup.minecraft.dirt":74,"stat.useItem.minecraft.dirt":67,"stat.sprintOneCm":20005,"stat.useItem.minecraft.stone_slab2":6,"stat.craftItem.minecraft.stick":4,"stat.craftingTableInteraction":3,"stat.pickup.minecraft.iron_ore":4,"stat.pickup.minecraft.rotten_flesh":21,"stat.pickup.minecraft.sand":1,"stat.killEntity.Skeleton":5,"stat.entityKilledBy.Spider":2,"stat.entityKilledBy.whitezetsu":1,"stat.craftItem.minecraft.planks":24,"stat.damageTaken":17506,"stat.pickup.minecraft.leather":1,"stat.killEntity.Spider":2,"stat.drop.minecraft.bone":1,"stat.craftItem.minecraft.stone_pickaxe":1,"stat.useItem.minecraft.carrot":1,"stat.useItem.minecraft.wooden_pickaxe":15,"stat.killEntity.Enderman":1,"stat.pickup.minecraft.cobblestone":13,"stat.mobKills":34,"stat.mineBlock.minecraft.log":6,"stat.flyOneCm":716595,"stat.deaths":48,"stat.entityKilledBy.rogue_ninja":4,"stat.pickup.minecraft.wheat_seeds":1,"stat.entityKilledBy.edotensei_itachi":4,"stat.drop":1,"stat.mineBlock.minecraft.leaves":1,"stat.pickup.minecraft.egg":1,"stat.pickup.narutomod.kunai":4,"stat.pickup.minecraft.potato":1,"stat.playOneMinute":97200,"stat.entityKilledBy.Zombie":2,"stat.pickup.narutomod.ninja_armor_kumohelmet":1,"stat.killEntity.Sheep":1,"stat.useItem.minecraft.stone_pickaxe":4,"stat.pickup.minecraft.red_flower":1,"stat.sneakTime":14247,"stat.entityKilledBy.ninjabandit":6,"stat.pickup.minecraft.wool":1,"stat.damageDealt":19233,"stat.pickup.patchouli.guide_book":1,"stat.mineBlock.minecraft.iron_ore":4,"stat.sleepInBed":1,"stat.killEntity.Zombie":17,"stat.timeSinceDeath":692,"stat.pickup.minecraft.stone_slab":1,"stat.killEntity.Cow":1,"stat.mineBlock.minecraft.dirt":14,"stat.craftItem.minecraft.wooden_pickaxe":1,"stat.mineBlock.minecraft.stone":13,"stat.mineBlock.minecraft.tallgrass":13,"stat.entityKilledBy.explosive_ninja":1,"stat.diveOneCm":45109,"stat.pickup.minecraft.mutton":2}