{"stat.chestOpened":10,"stat.pickup.minecraft.double_plant":5,"stat.walkOneCm":233771,"stat.pickup.minecraft.bone":3,"stat.leaveGame":14,"stat.pickup.minecraft.arrow":3,"stat.pickup.minecraft.stonebrick":3,"stat.killEntity.ninjabandit":2,"stat.entityKilledBy.yakushi_kabuto":3,"stat.useItem.minecraft.diamond_sword":104,"stat.pickup.minecraft.diamond_sword":1,"stat.jump":659,"stat.swimOneCm":25946,"stat.entityKilledBy.uzumaki_naruto":13,"stat.fallOneCm":16402,"stat.pickup.narutomod.shuriken":3,"stat.pickup.minecraft.beef":2,"stat.pickup.narutomod.ryo_100":4,"stat.pickup.minecraft.carrot":1,"stat.entityKilledBy.Skeleton":2,"stat.pickup.minecraft.stone":3,"stat.crouchOneCm":871,"stat.pickup.minecraft.dirt":66,"stat.useItem.minecraft.dirt":19,"stat.sprintOneCm":14282,"stat.pickup.minecraft.rotten_flesh":4,"stat.pickup.minecraft.sand":1,"stat.killEntity.Skeleton":2,"stat.entityKilledBy.Spider":1,"stat.damageTaken":12430,"stat.pickup.minecraft.leather":1,"stat.killEntity.Spider":1,"stat.useItem.minecraft.carrot":1,"stat.pickup.minecraft.cobblestone":9,"stat.mobKills":13,"stat.flyOneCm":35941,"stat.deaths":31,"stat.entityKilledBy.rogue_ninja":2,"stat.pickup.minecraft.wheat_seeds":1,"stat.entityKilledBy.edotensei_itachi":1,"stat.pickup.narutomod.kunai":4,"stat.pickup.minecraft.potato":1,"stat.playOneMinute":46800,"stat.entityKilledBy.Zombie":1,"stat.pickup.narutomod.ninja_armor_kumohelmet":1,"stat.killEntity.Sheep":1,"stat.pickup.minecraft.red_flower":1,"stat.sneakTime":525,"stat.entityKilledBy.ninjabandit":3,"stat.pickup.minecraft.wool":1,"stat.damageDealt":13595,"stat.sleepInBed":1,"stat.killEntity.Zombie":6,"stat.timeSinceDeath":452,"stat.pickup.minecraft.stone_slab":1,"stat.killEntity.Cow":1,"stat.mineBlock.minecraft.dirt":7,"stat.mineBlock.minecraft.tallgrass":9,"stat.diveOneCm":11254,"stat.pickup.minecraft.mutton":2}