{"stat.chestOpened":10,"stat.pickup.minecraft.double_plant":5,"stat.walkOneCm":458174,"stat.pickup.minecraft.bone":9,"stat.useItem.minecraft.stone":9,"stat.useItem.minecraft.potato":1,"stat.leaveGame":14,"stat.pickup.minecraft.arrow":6,"stat.mineBlock.minecraft.cobblestone":2,"stat.pickup.minecraft.stonebrick":3,"stat.useItem.minecraft.cobblestone":8,"stat.craftItem.minecraft.crafting_table":2,"stat.killEntity.ninjabandit":3,"stat.entityKilledBy.yakushi_kabuto":3,"stat.killEntity.Creeper":1,"stat.useItem.minecraft.diamond_sword":222,"stat.pickup.minecraft.log":6,"stat.pickup.minecraft.diamond_sword":1,"stat.jump":1630,"stat.swimOneCm":54643,"stat.entityKilledBy.uzumaki_naruto":13,"stat.fallOneCm":48063,"stat.pickup.narutomod.shuriken":6,"stat.pickup.minecraft.iron_ingot":1,"stat.climbOneCm":917,"stat.pickup.minecraft.beef":2,"stat.pickup.narutomod.ryo_100":4,"stat.pickup.minecraft.carrot":1,"stat.entityKilledBy.Skeleton":3,"stat.pickup.minecraft.stone":14,"stat.pickup.minecraft.gunpowder":1,"stat.crouchOneCm":29493,"stat.pickup.minecraft.sapling":6,"stat.pickup.minecraft.dirt":73,"stat.useItem.minecraft.dirt":67,"stat.sprintOneCm":19422,"stat.useItem.minecraft.stone_slab2":6,"stat.craftItem.minecraft.stick":4,"stat.craftingTableInteraction":3,"stat.pickup.minecraft.iron_ore":4,"stat.pickup.minecraft.rotten_flesh":9,"stat.pickup.minecraft.sand":1,"stat.killEntity.Skeleton":3,"stat.entityKilledBy.Spider":2,"stat.entityKilledBy.whitezetsu":1,"stat.craftItem.minecraft.planks":24,"stat.damageTaken":15554,"stat.pickup.minecraft.leather":1,"stat.killEntity.Spider":2,"stat.drop.minecraft.bone":1,"stat.craftItem.minecraft.stone_pickaxe":1,"stat.useItem.minecraft.carrot":1,"stat.useItem.minecraft.wooden_pickaxe":15,"stat.killEntity.Enderman":1,"stat.pickup.minecraft.cobblestone":13,"stat.mobKills":21,"stat.mineBlock.minecraft.log":6,"stat.flyOneCm":502894,"stat.deaths":42,"stat.entityKilledBy.rogue_ninja":4,"stat.pickup.minecraft.wheat_seeds":1,"stat.entityKilledBy.edotensei_itachi":3,"stat.drop":1,"stat.mineBlock.minecraft.leaves":1,"stat.pickup.narutomod.kunai":4,"stat.pickup.minecraft.potato":1,"stat.playOneMinute":84600,"stat.entityKilledBy.Zombie":2,"stat.pickup.narutomod.ninja_armor_kumohelmet":1,"stat.killEntity.Sheep":1,"stat.useItem.minecraft.stone_pickaxe":4,"stat.pickup.minecraft.red_flower":1,"stat.sneakTime":7870,"stat.entityKilledBy.ninjabandit":4,"stat.pickup.minecraft.wool":1,"stat.damageDealt":16039,"stat.pickup.patchouli.guide_book":1,"stat.mineBlock.minecraft.iron_ore":4,"stat.sleepInBed":1,"stat.killEntity.Zombie":9,"stat.timeSinceDeath":13856,"stat.pickup.minecraft.stone_slab":1,"stat.killEntity.Cow":1,"stat.mineBlock.minecraft.dirt":14,"stat.craftItem.minecraft.wooden_pickaxe":1,"stat.mineBlock.minecraft.stone":13,"stat.mineBlock.minecraft.tallgrass":12,"stat.diveOneCm":32064,"stat.pickup.minecraft.mutton":2}