{"stat.walkOneCm":35372,"stat.leaveGame":8,"stat.killEntity.ninjabandit":1,"stat.jump":140,"stat.swimOneCm":11258,"stat.entityKilledBy.uzumaki_naruto":13,"stat.fallOneCm":3574,"stat.pickup.narutomod.shuriken":3,"stat.pickup.narutomod.ryo_100":4,"stat.crouchOneCm":128,"stat.pickup.minecraft.dirt":18,"stat.sprintOneCm":1085,"stat.pickup.minecraft.sand":1,"stat.damageTaken":6432,"stat.pickup.minecraft.cobblestone":8,"stat.mobKills":1,"stat.flyOneCm":23165,"stat.deaths":14,"stat.playOneMinute":11821,"stat.pickup.minecraft.red_flower":1,"stat.sneakTime":99,"stat.damageDealt":10457,"stat.timeSinceDeath":1458,"stat.mineBlock.minecraft.dirt":5,"stat.mineBlock.minecraft.tallgrass":6,"stat.diveOneCm":9531,"stat.pickup.minecraft.mutton":1}