{"stat.chestOpened":26,"stat.pickup.minecraft.bone":14,"stat.useItem.minecraft.stone":9,"stat.leaveGame":14,"stat.pickup.minecraft.arrow":11,"stat.mineBlock.minecraft.cobblestone":2,"stat.killEntity.ninjabandit":5,"stat.entityKilledBy.yakushi_kabuto":3,"stat.useItem.minecraft.diamond_sword":381,"stat.pickup.minecraft.diamond_sword":1,"stat.swimOneCm":68686,"stat.jump":2064,"stat.fallOneCm":70353,"stat.pickup.minecraft.iron_ingot":2,"stat.climbOneCm":917,"stat.pickup.narutomod.team_scroll":1,"stat.pickup.minecraft.carrot":1,"stat.pickup.minecraft.gunpowder":2,"stat.crouchOneCm":47947,"stat.craftItem.minecraft.iron_ingot":4,"stat.pickup.minecraft.dirt":91,"stat.useItem.minecraft.dirt":67,"stat.useItem.minecraft.stone_slab2":8,"stat.pickup.minecraft.bow":1,"stat.craftingTableInteraction":3,"stat.pickup.minecraft.iron_ore":4,"stat.pickup.minecraft.rotten_flesh":22,"stat.pickup.minecraft.sand":1,"stat.entityKilledBy.Spider":2,"stat.pickup.minecraft.leather":1,"stat.damageTaken":19082,"stat.drop.minecraft.bone":1,"stat.craftItem.minecraft.stone_pickaxe":1,"stat.useItem.minecraft.wooden_pickaxe":15,"stat.craftItem.minecraft.cooked_beef":2,"stat.killEntity.Enderman":1,"stat.pickup.minecraft.cobblestone":13,"stat.pickup.minecraft.log2":1,"stat.flyOneCm":792017,"stat.entityKilledBy.edotensei_itachi":4,"stat.pickup.minecraft.wheat_seeds":2,"stat.pickup.narutomod.kunai":5,"stat.pickup.minecraft.potato":1,"stat.entityKilledBy.Zombie":2,"stat.pickup.narutomod.ninja_armor_kumohelmet":1,"stat.useItem.minecraft.stone_pickaxe":4,"stat.damageDealt":19880,"stat.pickup.patchouli.guide_book":1,"stat.mineBlock.minecraft.iron_ore":4,"stat.sleepInBed":1,"stat.timeSinceDeath":547,"stat.killEntity.Cow":1,"stat.mineBlock.minecraft.dirt":14,"stat.craftItem.minecraft.wooden_pickaxe":1,"stat.entityKilledBy.explosive_ninja":1,"stat.pickup.minecraft.mutton":2,"stat.pickup.minecraft.double_plant":5,"stat.walkOneCm":574612,"stat.playerKills":1,"stat.useItem.minecraft.potato":1,"stat.pickup.minecraft.stonebrick":3,"stat.useItem.minecraft.cobblestone":8,"stat.craftItem.minecraft.crafting_table":3,"stat.furnaceInteraction":5,"stat.killEntity.Creeper":1,"stat.killEntity.slug":1,"stat.pickup.minecraft.log":8,"stat.entityKilledBy.uzumaki_naruto":13,"stat.pickup.narutomod.shuriken":9,"stat.pickup.minecraft.beef":2,"stat.pickup.narutomod.ryo_100":10,"stat.entityKilledBy.Skeleton":5,"stat.craftItem.minecraft.stone_slab2":0,"stat.pickup.minecraft.stone":14,"stat.pickup.minecraft.sapling":6,"stat.sprintOneCm":20493,"stat.craftItem.minecraft.stick":4,"stat.killEntity.Skeleton":5,"stat.entityKilledBy.whitezetsu":1,"stat.craftItem.minecraft.planks":28,"stat.killEntity.Spider":2,"stat.useItem.minecraft.carrot":1,"stat.mobKills":35,"stat.mineBlock.minecraft.log":6,"stat.entityKilledBy.Creeper":1,"stat.deaths":51,"stat.entityKilledBy.rogue_ninja":4,"stat.drop":1,"stat.mineBlock.minecraft.leaves":1,"stat.pickup.minecraft.egg":1,"stat.playOneMinute":109800,"stat.killEntity.Sheep":1,"stat.pickup.minecraft.red_flower":1,"stat.sneakTime":15374,"stat.entityKilledBy.ninjabandit":6,"stat.pickup.minecraft.wool":1,"stat.killEntity.Zombie":17,"stat.pickup.minecraft.stone_slab":1,"stat.mineBlock.minecraft.stone":13,"stat.mineBlock.minecraft.tallgrass":13,"stat.diveOneCm":45109}