{"stat.flyOneCm":7379,"stat.deaths":5,"stat.walkOneCm":11428,"stat.jump":51,"stat.swimOneCm":3742,"stat.entityKilledBy.uzumaki_naruto":4,"stat.playOneMinute":2779,"stat.fallOneCm":2047,"stat.pickup.minecraft.red_flower":1,"stat.pickup.narutomod.ryo_100":4,"stat.damageTaken":2075,"stat.damageDealt":153,"stat.timeSinceDeath":614,"stat.pickup.minecraft.dirt":13,"stat.sprintOneCm":1085,"stat.pickup.minecraft.cobblestone":6,"stat.mineBlock.minecraft.dirt":2,"stat.mineBlock.minecraft.tallgrass":6,"stat.diveOneCm":3196}