{"stat.chestOpened":28,"stat.pickup.minecraft.bone":20,"stat.useItem.minecraft.stone":9,"stat.killEntity.rogue_anbu":1,"stat.leaveGame":15,"stat.pickup.narutomod.military_rations_pill":1,"stat.pickup.minecraft.arrow":17,"stat.mineBlock.minecraft.cobblestone":2,"stat.useItem.minecraft.log2":2,"stat.pickup.narutomod.scroll_hiding_in_camouflage":1,"stat.killEntity.ninjabandit":7,"stat.entityKilledBy.yakushi_kabuto":4,"stat.useItem.minecraft.diamond_sword":442,"stat.entityKilledBy.edotensei_nagato":1,"stat.pickup.minecraft.diamond_sword":1,"stat.swimOneCm":92611,"stat.jump":2900,"stat.pickup.minecraft.coal":35,"stat.fallOneCm":112158,"stat.pickup.minecraft.iron_ingot":2,"stat.climbOneCm":1023,"stat.useItem.minecraft.planks":24,"stat.pickup.narutomod.scroll_body_replacement":1,"stat.pickup.narutomod.team_scroll":1,"stat.pickup.minecraft.carrot":1,"stat.pickup.minecraft.gunpowder":2,"stat.pickup.minecraft.porkchop":6,"stat.crouchOneCm":77105,"stat.craftItem.minecraft.iron_ingot":4,"stat.pickup.minecraft.dirt":133,"stat.useItem.minecraft.dirt":67,"stat.useItem.minecraft.stone_slab2":10,"stat.pickup.minecraft.bow":3,"stat.craftingTableInteraction":3,"stat.pickup.minecraft.iron_ore":4,"stat.pickup.minecraft.rotten_flesh":22,"stat.pickup.minecraft.sand":5,"stat.entityKilledBy.Spider":2,"stat.pickup.minecraft.leather":1,"stat.damageTaken":25613,"stat.drop.minecraft.bone":1,"stat.craftItem.minecraft.stone_pickaxe":1,"stat.useItem.minecraft.wooden_pickaxe":15,"stat.craftItem.minecraft.cooked_beef":2,"stat.killEntity.Enderman":1,"stat.pickup.minecraft.cobblestone":18,"stat.pickup.minecraft.log2":9,"stat.entityKilledBy.kimimaro":5,"stat.pickup.minecraft.planks":2,"stat.flyOneCm":1222423,"stat.pickup.minecraft.sandstone":2,"stat.entityKilledBy.edotensei_itachi":5,"stat.pickup.minecraft.wheat_seeds":6,"stat.pickup.narutomod.kunai":5,"stat.pickup.minecraft.potato":1,"stat.entityKilledBy.Zombie":2,"stat.pickup.narutomod.ninja_armor_kumohelmet":1,"stat.useItem.minecraft.stone_pickaxe":4,"stat.useItem.minecraft.cooked_beef":2,"stat.damageDealt":23888,"stat.pickup.patchouli.guide_book":1,"stat.mineBlock.minecraft.iron_ore":4,"stat.sleepInBed":2,"stat.timeSinceDeath":361,"stat.killEntity.Cow":1,"stat.mineBlock.minecraft.dirt":16,"stat.craftItem.minecraft.wooden_pickaxe":1,"stat.killEntity.Pig":1,"stat.entityKilledBy.explosive_ninja":1,"stat.pickup.minecraft.mutton":2,"stat.pickup.minecraft.double_plant":5,"stat.walkOneCm":773961,"stat.pickup.tconstruct.pattern":2,"stat.playerKills":2,"stat.useItem.minecraft.potato":1,"stat.useItem.minecraft.log":1,"stat.pickup.minecraft.nether_wart":2,"stat.pickup.minecraft.stonebrick":3,"stat.useItem.minecraft.cobblestone":8,"stat.craftItem.minecraft.crafting_table":3,"stat.furnaceInteraction":6,"stat.killEntity.rogue_ninja":1,"stat.killEntity.Creeper":1,"stat.killEntity.slug":1,"stat.pickup.minecraft.log":23,"stat.entityKilledBy.uzumaki_naruto":13,"stat.pickup.narutomod.shuriken":12,"stat.pickup.minecraft.beef":4,"stat.pickup.narutomod.ryo_100":18,"stat.entityKilledBy.Skeleton":5,"stat.craftItem.minecraft.stone_slab2":0,"stat.pickup.minecraft.stone":14,"stat.pickup.minecraft.sapling":7,"stat.sprintOneCm":20685,"stat.craftItem.minecraft.stick":4,"stat.killEntity.Skeleton":9,"stat.entityKilledBy.whitezetsu":1,"stat.craftItem.minecraft.planks":56,"stat.pickup.narutomod.ryo_1000":3,"stat.killEntity.Spider":3,"stat.useItem.minecraft.carrot":1,"stat.pickup.minecraft.dark_oak_stairs":1,"stat.mobKills":52,"stat.mineBlock.minecraft.log":6,"stat.entityKilledBy.Creeper":1,"stat.deaths":66,"stat.entityKilledBy.rogue_ninja":4,"stat.drop":1,"stat.mineBlock.minecraft.leaves":3,"stat.pickup.minecraft.egg":1,"stat.playOneMinute":147444,"stat.pickup.minecraft.torch":2,"stat.killEntity.Sheep":1,"stat.pickup.minecraft.red_flower":1,"stat.sneakTime":23662,"stat.entityKilledBy.ninjabandit":7,"stat.pickup.minecraft.wool":1,"stat.killEntity.Zombie":20,"stat.useItem.narutomod.military_rations_pill":1,"stat.pickup.minecraft.stone_slab":1,"stat.pickup.minecraft.yellow_flower":1,"stat.mineBlock.minecraft.stone":13,"stat.mineBlock.minecraft.tallgrass":23,"stat.diveOneCm":61119,"stat.pickup.minecraft.wheat":1}