{"stat.walkOneCm":44888,"stat.pickup.minecraft.arrow":2,"stat.pickup.minecraft.crafting_table":3,"stat.craftItem.minecraft.crafting_table":1,"stat.craftItem.minecraft.boat":1,"stat.useItem.minecraft.rotten_flesh":19,"stat.pickup.minecraft.log":10,"stat.drop.patchouli.guide_book":1,"stat.jump":200,"stat.swimOneCm":77832,"stat.fallOneCm":3222,"stat.entityKilledBy.Skeleton":2,"stat.crouchOneCm":2640,"stat.pickup.minecraft.dirt":43,"stat.useItem.minecraft.dirt":41,"stat.sprintOneCm":11940,"stat.useItem.minecraft.stone_slab2":5,"stat.craftItem.minecraft.stick":8,"stat.craftingTableInteraction":3,"stat.pickup.minecraft.rotten_flesh":34,"stat.pickup.minecraft.sand":6,"stat.killEntity.Skeleton":2,"stat.boatOneCm":13783,"stat.craftItem.minecraft.planks":40,"stat.damageTaken":1336,"stat.mineBlock.minecraft.crafting_table":3,"stat.craftItem.minecraft.stone_pickaxe":1,"stat.useItem.minecraft.wooden_pickaxe":6,"stat.mobKills":24,"stat.pickup.minecraft.cobblestone":6,"stat.craftItem.minecraft.wooden_sword":1,"stat.mineBlock.minecraft.log":10,"stat.craftItem.minecraft.stone_sword":1,"stat.flyOneCm":15535,"stat.useItem.minecraft.boat":1,"stat.deaths":4,"stat.drop":3,"stat.playOneMinute":39547,"stat.entityKilledBy.Zombie":1,"stat.sneakTime":3464,"stat.useItem.minecraft.stone_sword":31,"stat.damageDealt":4093,"stat.killEntity.Zombie":18,"stat.drop.minecraft.arrow":1,"stat.timeSinceDeath":30754,"stat.mineBlock.minecraft.dirt":32,"stat.drop.tconstruct.book":1,"stat.craftItem.minecraft.wooden_pickaxe":1,"stat.mineBlock.minecraft.stone":6,"stat.entityKilledBy.explosive_ninja":1,"stat.mineBlock.minecraft.tallgrass":3,"stat.diveOneCm":109871}