{"stat.chestOpened":26,"stat.pickup.minecraft.bone":25,"stat.pickup.tconstruct.longsword":1,"stat.pickup.minecraft.arrow":16,"stat.entityKilledBy.lava_ninja":1,"stat.pickup.narutomod.scroll_hiding_in_camouflage":1,"stat.drop.minecraft.gunpowder":1,"stat.killEntity.ninjabandit":18,"stat.useItem.minecraft.apple":2,"stat.pickup.tconstruct.edible":8,"stat.useItem.minecraft.rotten_flesh":107,"stat.jump":1296,"stat.swimOneCm":94032,"stat.fallOneCm":39240,"stat.useItem.minecraft.planks":122,"stat.pickup.minecraft.iron_ingot":1,"stat.climbOneCm":1576,"stat.killEntity.whitezetsu":2,"stat.useItem.minecraft.stone_axe":62,"stat.pickup.minecraft.gunpowder":1,"stat.craftItem.minecraft.bread":43,"stat.crouchOneCm":8712,"stat.pickup.minecraft.spider_eye":3,"stat.craftItem.minecraft.iron_ingot":21,"stat.craftItem.minecraft.torch":40,"stat.pickup.minecraft.dirt":72,"stat.useItem.minecraft.dirt":42,"stat.craftItem.minecraft.iron_helmet":1,"stat.useItem.minecraft.stone_slab2":14,"stat.pickup.minecraft.bow":3,"stat.craftingTableInteraction":14,"stat.pickup.minecraft.rotten_flesh":93,"stat.pickup.minecraft.sand":8,"stat.craftItem.minecraft.furnace":1,"stat.boatOneCm":13783,"stat.craftItem.minecraft.stone_axe":1,"stat.mineBlock.minecraft.glass_pane":2,"stat.mineBlock.minecraft.leaves2":3,"stat.damageTaken":6420,"stat.killEntity.explosive_ninja":2,"stat.craftItem.minecraft.stone_pickaxe":2,"stat.killEntity.tconstruct.blueslime":6,"stat.useItem.tconstruct.longsword":1,"stat.useItem.minecraft.wooden_pickaxe":6,"stat.pickup.minecraft.cobblestone":34,"stat.craftItem.minecraft.wooden_sword":1,"stat.pickup.minecraft.planks":1,"stat.craftItem.minecraft.stone_sword":1,"stat.killEntity.CaveSpider":6,"stat.flyOneCm":191581,"stat.pickup.minecraft.chainmail_chestplate":1,"stat.pickup.minecraft.wheat_seeds":1,"stat.pickup.narutomod.kunai":3,"stat.entityKilledBy.Zombie":2,"stat.useItem.minecraft.stone_pickaxe":35,"stat.useItem.minecraft.stone_sword":109,"stat.craftItem.minecraft.iron_leggings":1,"stat.damageDealt":23857,"stat.sleepInBed":1,"stat.timeSinceDeath":1279,"stat.mineBlock.minecraft.dirt":46,"stat.craftItem.minecraft.wooden_pickaxe":1,"stat.entityKilledBy.explosive_ninja":2,"stat.pickup.minecraft.chainmail_boots":1,"stat.pickup.minecraft.mutton":5,"stat.pickup.minecraft.mossy_cobblestone":5,"stat.walkOneCm":520336,"stat.craftItem.minecraft.bed":1,"stat.useItem.minecraft.bread":8,"stat.playerKills":1,"stat.useItem.minecraft.chest":1,"stat.pickup.minecraft.chainmail_helmet":1,"stat.pickup.minecraft.crafting_table":3,"stat.craftItem.minecraft.crafting_table":3,"stat.killEntity.lava_ninja":3,"stat.furnaceInteraction":22,"stat.killEntity.rogue_ninja":1,"stat.craftItem.minecraft.boat":1,"stat.killEntity.Creeper":2,"stat.pickup.minecraft.log":39,"stat.pickup.minecraft.string":6,"stat.drop.patchouli.guide_book":1,"stat.craftItem.minecraft.wheat":27,"stat.entityKilledBy.Skeleton":3,"stat.pickup.narutomod.ryo_100":27,"stat.craftItem.minecraft.stone_slab2":0,"stat.pickup.minecraft.stone":2,"stat.craftItem.minecraft.iron_chestplate":1,"stat.entityKilledBy.otsutsuki":1,"stat.sprintOneCm":167350,"stat.craftItem.minecraft.stick":20,"stat.pickup.minecraft.gold_ingot":24,"stat.killEntity.Skeleton":21,"stat.craftItem.minecraft.planks":156,"stat.mineBlock.minecraft.crafting_table":3,"stat.killEntity.Spider":4,"stat.mobKills":183,"stat.mineBlock.minecraft.log":39,"stat.useItem.minecraft.boat":1,"stat.deaths":12,"stat.mineBlock.minecraft.planks":1,"stat.drop":7,"stat.pickup.minecraft.diamond":2,"stat.mineBlock.minecraft.leaves":3,"stat.pickup.minecraft.beetroot_seeds":2,"stat.playOneMinute":134052,"stat.killEntity.Sheep":3,"stat.sneakTime":7165,"stat.entityKilledBy.ninjabandit":1,"stat.pickup.minecraft.wool":3,"stat.killEntity.Zombie":95,"stat.drop.minecraft.arrow":4,"stat.pickup.minecraft.stone_slab":8,"stat.drop.tconstruct.book":1,"stat.mineBlock.minecraft.stone":36,"stat.mineBlock.minecraft.tallgrass":5,"stat.craftItem.minecraft.cooked_mutton":5,"stat.diveOneCm":197805,"stat.pickup.minecraft.chest":2}