{"stat.chestOpened":5,"stat.walkOneCm":99362,"stat.pickup.minecraft.bone":7,"stat.pickup.minecraft.arrow":4,"stat.pickup.minecraft.crafting_table":3,"stat.craftItem.minecraft.crafting_table":1,"stat.killEntity.lava_ninja":1,"stat.killEntity.rogue_ninja":1,"stat.craftItem.minecraft.boat":1,"stat.killEntity.Creeper":1,"stat.useItem.minecraft.rotten_flesh":30,"stat.pickup.minecraft.log":11,"stat.drop.patchouli.guide_book":1,"stat.jump":317,"stat.swimOneCm":86309,"stat.fallOneCm":5282,"stat.entityKilledBy.Skeleton":3,"stat.pickup.narutomod.ryo_100":4,"stat.crouchOneCm":3074,"stat.pickup.minecraft.spider_eye":1,"stat.pickup.minecraft.dirt":64,"stat.useItem.minecraft.dirt":42,"stat.sprintOneCm":50969,"stat.useItem.minecraft.stone_slab2":7,"stat.pickup.minecraft.bow":2,"stat.craftItem.minecraft.stick":8,"stat.craftingTableInteraction":5,"stat.pickup.minecraft.rotten_flesh":39,"stat.pickup.minecraft.sand":8,"stat.killEntity.Skeleton":5,"stat.boatOneCm":13783,"stat.craftItem.minecraft.planks":40,"stat.damageTaken":2039,"stat.mineBlock.minecraft.crafting_table":3,"stat.killEntity.Spider":1,"stat.craftItem.minecraft.stone_pickaxe":2,"stat.useItem.minecraft.wooden_pickaxe":6,"stat.mobKills":36,"stat.pickup.minecraft.cobblestone":11,"stat.craftItem.minecraft.wooden_sword":1,"stat.mineBlock.minecraft.log":11,"stat.craftItem.minecraft.stone_sword":1,"stat.flyOneCm":47431,"stat.useItem.minecraft.boat":1,"stat.deaths":6,"stat.drop":6,"stat.pickup.minecraft.wheat_seeds":1,"stat.playOneMinute":51247,"stat.entityKilledBy.Zombie":1,"stat.useItem.minecraft.stone_pickaxe":5,"stat.sneakTime":3527,"stat.useItem.minecraft.stone_sword":93,"stat.entityKilledBy.ninjabandit":1,"stat.damageDealt":6726,"stat.killEntity.Zombie":23,"stat.drop.minecraft.arrow":4,"stat.timeSinceDeath":2942,"stat.mineBlock.minecraft.dirt":37,"stat.drop.tconstruct.book":1,"stat.craftItem.minecraft.wooden_pickaxe":1,"stat.mineBlock.minecraft.stone":11,"stat.entityKilledBy.explosive_ninja":1,"stat.mineBlock.minecraft.tallgrass":4,"stat.diveOneCm":146239}