{"stat.chestOpened":10,"stat.pickup.minecraft.bone":21,"stat.pickup.tconstruct.longsword":1,"stat.pickup.minecraft.arrow":14,"stat.pickup.narutomod.scroll_hiding_in_camouflage":1,"stat.killEntity.ninjabandit":5,"stat.pickup.tconstruct.edible":8,"stat.useItem.minecraft.rotten_flesh":86,"stat.jump":673,"stat.swimOneCm":89141,"stat.fallOneCm":19636,"stat.useItem.minecraft.planks":122,"stat.pickup.minecraft.iron_ingot":1,"stat.useItem.minecraft.stone_axe":42,"stat.crouchOneCm":8120,"stat.pickup.minecraft.spider_eye":2,"stat.craftItem.minecraft.iron_ingot":21,"stat.pickup.minecraft.dirt":65,"stat.useItem.minecraft.dirt":42,"stat.craftItem.minecraft.iron_helmet":1,"stat.useItem.minecraft.stone_slab2":9,"stat.pickup.minecraft.bow":2,"stat.craftingTableInteraction":10,"stat.pickup.minecraft.rotten_flesh":84,"stat.pickup.minecraft.sand":8,"stat.boatOneCm":13783,"stat.craftItem.minecraft.stone_axe":1,"stat.damageTaken":4132,"stat.craftItem.minecraft.stone_pickaxe":2,"stat.killEntity.tconstruct.blueslime":6,"stat.useItem.tconstruct.longsword":1,"stat.useItem.minecraft.wooden_pickaxe":6,"stat.pickup.minecraft.cobblestone":11,"stat.craftItem.minecraft.wooden_sword":1,"stat.pickup.minecraft.planks":1,"stat.craftItem.minecraft.stone_sword":1,"stat.killEntity.CaveSpider":2,"stat.flyOneCm":108672,"stat.pickup.minecraft.chainmail_chestplate":1,"stat.pickup.minecraft.wheat_seeds":1,"stat.pickup.narutomod.kunai":2,"stat.entityKilledBy.Zombie":2,"stat.useItem.minecraft.stone_pickaxe":7,"stat.useItem.minecraft.stone_sword":109,"stat.craftItem.minecraft.iron_leggings":1,"stat.damageDealt":20795,"stat.timeSinceDeath":9473,"stat.mineBlock.minecraft.dirt":39,"stat.craftItem.minecraft.wooden_pickaxe":1,"stat.entityKilledBy.explosive_ninja":1,"stat.pickup.minecraft.chainmail_boots":1,"stat.pickup.minecraft.mossy_cobblestone":4,"stat.walkOneCm":290443,"stat.playerKills":1,"stat.pickup.minecraft.chainmail_helmet":1,"stat.pickup.minecraft.crafting_table":3,"stat.craftItem.minecraft.crafting_table":1,"stat.killEntity.lava_ninja":1,"stat.furnaceInteraction":16,"stat.killEntity.rogue_ninja":1,"stat.craftItem.minecraft.boat":1,"stat.killEntity.Creeper":1,"stat.pickup.minecraft.log":39,"stat.pickup.minecraft.string":4,"stat.drop.patchouli.guide_book":1,"stat.entityKilledBy.Skeleton":3,"stat.pickup.narutomod.ryo_100":8,"stat.craftItem.minecraft.stone_slab2":0,"stat.craftItem.minecraft.iron_chestplate":1,"stat.sprintOneCm":97018,"stat.craftItem.minecraft.stick":12,"stat.pickup.minecraft.gold_ingot":24,"stat.killEntity.Skeleton":17,"stat.craftItem.minecraft.planks":156,"stat.mineBlock.minecraft.crafting_table":3,"stat.killEntity.Spider":1,"stat.mobKills":116,"stat.mineBlock.minecraft.log":39,"stat.useItem.minecraft.boat":1,"stat.deaths":9,"stat.mineBlock.minecraft.planks":1,"stat.drop":6,"stat.pickup.minecraft.diamond":2,"stat.mineBlock.minecraft.leaves":3,"stat.playOneMinute":97152,"stat.sneakTime":4663,"stat.entityKilledBy.ninjabandit":1,"stat.killEntity.Zombie":75,"stat.drop.minecraft.arrow":4,"stat.pickup.minecraft.stone_slab":8,"stat.drop.tconstruct.book":1,"stat.mineBlock.minecraft.stone":11,"stat.mineBlock.minecraft.tallgrass":5,"stat.diveOneCm":170303,"stat.pickup.minecraft.chest":2}