{"stat.chestOpened":21,"stat.pickup.minecraft.bone":25,"stat.pickup.tconstruct.longsword":1,"stat.pickup.minecraft.arrow":16,"stat.entityKilledBy.lava_ninja":1,"stat.pickup.narutomod.scroll_hiding_in_camouflage":1,"stat.drop.minecraft.gunpowder":1,"stat.killEntity.ninjabandit":9,"stat.useItem.minecraft.apple":2,"stat.pickup.tconstruct.edible":8,"stat.useItem.minecraft.rotten_flesh":107,"stat.jump":1103,"stat.swimOneCm":92116,"stat.fallOneCm":27956,"stat.useItem.minecraft.planks":122,"stat.pickup.minecraft.iron_ingot":1,"stat.climbOneCm":1576,"stat.killEntity.whitezetsu":2,"stat.useItem.minecraft.stone_axe":48,"stat.pickup.minecraft.gunpowder":1,"stat.craftItem.minecraft.bread":43,"stat.crouchOneCm":8693,"stat.pickup.minecraft.spider_eye":3,"stat.craftItem.minecraft.iron_ingot":21,"stat.pickup.minecraft.dirt":65,"stat.useItem.minecraft.dirt":42,"stat.craftItem.minecraft.iron_helmet":1,"stat.useItem.minecraft.stone_slab2":12,"stat.pickup.minecraft.bow":3,"stat.craftingTableInteraction":13,"stat.pickup.minecraft.rotten_flesh":86,"stat.pickup.minecraft.sand":8,"stat.boatOneCm":13783,"stat.craftItem.minecraft.stone_axe":1,"stat.mineBlock.minecraft.glass_pane":2,"stat.damageTaken":4921,"stat.craftItem.minecraft.stone_pickaxe":2,"stat.killEntity.tconstruct.blueslime":6,"stat.useItem.tconstruct.longsword":1,"stat.useItem.minecraft.wooden_pickaxe":6,"stat.pickup.minecraft.cobblestone":11,"stat.craftItem.minecraft.wooden_sword":1,"stat.pickup.minecraft.planks":1,"stat.craftItem.minecraft.stone_sword":1,"stat.killEntity.CaveSpider":6,"stat.flyOneCm":166291,"stat.pickup.minecraft.chainmail_chestplate":1,"stat.pickup.minecraft.wheat_seeds":1,"stat.pickup.narutomod.kunai":3,"stat.entityKilledBy.Zombie":2,"stat.useItem.minecraft.stone_pickaxe":7,"stat.useItem.minecraft.stone_sword":109,"stat.craftItem.minecraft.iron_leggings":1,"stat.damageDealt":22882,"stat.timeSinceDeath":14897,"stat.mineBlock.minecraft.dirt":39,"stat.craftItem.minecraft.wooden_pickaxe":1,"stat.entityKilledBy.explosive_ninja":1,"stat.pickup.minecraft.chainmail_boots":1,"stat.pickup.minecraft.mutton":5,"stat.pickup.minecraft.mossy_cobblestone":5,"stat.walkOneCm":447939,"stat.craftItem.minecraft.bed":1,"stat.useItem.minecraft.bread":4,"stat.playerKills":1,"stat.pickup.minecraft.chainmail_helmet":1,"stat.pickup.minecraft.crafting_table":3,"stat.craftItem.minecraft.crafting_table":3,"stat.killEntity.lava_ninja":2,"stat.furnaceInteraction":16,"stat.killEntity.rogue_ninja":1,"stat.craftItem.minecraft.boat":1,"stat.killEntity.Creeper":2,"stat.pickup.minecraft.log":39,"stat.pickup.minecraft.string":6,"stat.drop.patchouli.guide_book":1,"stat.craftItem.minecraft.wheat":27,"stat.entityKilledBy.Skeleton":3,"stat.pickup.narutomod.ryo_100":20,"stat.craftItem.minecraft.stone_slab2":0,"stat.craftItem.minecraft.iron_chestplate":1,"stat.sprintOneCm":156156,"stat.craftItem.minecraft.stick":12,"stat.pickup.minecraft.gold_ingot":24,"stat.killEntity.Skeleton":20,"stat.craftItem.minecraft.planks":156,"stat.mineBlock.minecraft.crafting_table":3,"stat.killEntity.Spider":4,"stat.mobKills":159,"stat.mineBlock.minecraft.log":39,"stat.useItem.minecraft.boat":1,"stat.deaths":10,"stat.mineBlock.minecraft.planks":1,"stat.drop":7,"stat.pickup.minecraft.diamond":2,"stat.mineBlock.minecraft.leaves":3,"stat.pickup.minecraft.beetroot_seeds":2,"stat.playOneMinute":121452,"stat.killEntity.Sheep":3,"stat.sneakTime":7029,"stat.entityKilledBy.ninjabandit":1,"stat.pickup.minecraft.wool":3,"stat.killEntity.Zombie":90,"stat.drop.minecraft.arrow":4,"stat.pickup.minecraft.stone_slab":8,"stat.drop.tconstruct.book":1,"stat.mineBlock.minecraft.stone":11,"stat.mineBlock.minecraft.tallgrass":5,"stat.diveOneCm":187232,"stat.pickup.minecraft.chest":2}