{"stat.pickup.tconstruct.longsword":1,"stat.leaveGame":5,"stat.pickup.narutomod.military_rations_pill":2,"stat.drop.minecraft.gunpowder":1,"stat.pickup.tconstruct.edible":8,"stat.mineBlock.minecraft.sandstone":2,"stat.useItem.minecraft.planks":122,"stat.pickup.minecraft.glowstone_dust":1,"stat.pickup.minecraft.rotten_flesh":127,"stat.pickup.minecraft.sand":20,"stat.craftItem.minecraft.golden_apple":2,"stat.craftItem.minecraft.stone_axe":1,"stat.killEntity.Enderman":1,"stat.craftItem.minecraft.stone_sword":1,"stat.useItem.minecraft.ender_pearl":1,"stat.pickup.minecraft.chainmail_chestplate":1,"stat.mineBlock.minecraft.sand":8,"stat.killEntity.Witch":3,"stat.useItem.minecraft.iron_pickaxe":254,"stat.craftItem.minecraft.wooden_pickaxe":1,"stat.entityKilledBy.explosive_ninja":2,"stat.craftItem.minecraft.bed":1,"stat.pickup.narutomod.scroll_big_blow":1,"stat.entityKilledBy.rogue_anbu":2,"stat.killEntity.lava_ninja":6,"stat.furnaceInteraction":24,"stat.drop.narutomod.ryo_100":4,"stat.pickup.minecraft.beef":10,"stat.useItem.minecraft.cooked_mutton":6,"stat.pickup.narutomod.ryo_1000":15,"stat.pickup.narutomod.scroll_earth_golem":1,"stat.pickup.minecraft.emerald":38,"stat.useItem.minecraft.beef":3,"stat.deaths":62,"stat.pickup.minecraft.egg":2,"stat.playOneMinute":387222,"stat.mineBlock.minecraft.tallgrass":7,"stat.craftItem.minecraft.cooked_mutton":5,"stat.pickup.minecraft.cooked_mutton":1,"stat.entityKilledBy.jiraiya":33,"stat.chestOpened":45,"stat.killEntity.zabuza_momochi":3,"stat.useItem.minecraft.stone":19,"stat.killEntity.rogue_anbu":2,"stat.pickup.minecraft.arrow":33,"stat.pickup.narutomod.scroll_hiding_in_camouflage":1,"stat.killEntity.s_rank_missing_ninja":4,"stat.fallOneCm":160371,"stat.killEntity.whitezetsu":8,"stat.drop.minecraft.stone":5,"stat.crouchOneCm":15075,"stat.craftItem.minecraft.iron_ingot":21,"stat.craftingTableInteraction":22,"stat.killEntity.kimimaro":2,"stat.useItem.tconstruct.longsword":3,"stat.craftItem.minecraft.wooden_sword":1,"stat.pickup.minecraft.planks":2,"stat.killEntity.jiraiya":1,"stat.pickup.minecraft.wheat_seeds":4,"stat.useItem.minecraft.stone_pickaxe":142,"stat.useItem.minecraft.stone_sword":109,"stat.craftItem.minecraft.iron_leggings":2,"stat.mineBlock.minecraft.dirt":75,"stat.killEntity.VindicationIllager":99,"stat.pickup.minecraft.chainmail_boots":1,"stat.drop.minecraft.iron_axe":1,"stat.useItem.minecraft.bread":51,"stat.useItem.minecraft.torch":56,"stat.pickup.minecraft.golden_apple":2,"stat.pickup.minecraft.crafting_table":3,"stat.useItem.minecraft.cobblestone":271,"stat.craftItem.minecraft.crafting_table":3,"stat.craftItem.minecraft.boat":1,"stat.pickup.minecraft.log":40,"stat.entityKilledBy.uzumaki_naruto":1,"stat.pickup.narutomod.shuriken":10,"stat.pickup.narutomod.scroll_transformation":2,"stat.craftItem.minecraft.planks":156,"stat.useItem.minecraft.stonebrick":1,"stat.mineBlock.minecraft.log":39,"stat.sneakTime":15744,"stat.pickup.minecraft.wool":3,"stat.useItem.rerollthingy.mysteriousfruit":1,"stat.pickup.minecraft.stone_slab":8,"stat.pickup.minecraft.yellow_flower":1,"stat.pickup.rerollthingy.mysteriousfruit":1,"stat.pickup.minecraft.chest":2,"stat.drop.minecraft.stone_pickaxe":2,"stat.pickup.minecraft.bone":47,"stat.entityKilledBy.iwa_rogue":1,"stat.entityKilledBy.lava_ninja":1,"stat.drop.minecraft.glowstone_dust":1,"stat.mineBlock.minecraft.cobblestone":33,"stat.pickup.minecraft.stone_pickaxe":1,"stat.pickup.narutomod.zabuza_sword":1,"stat.swimOneCm":123445,"stat.climbOneCm":1576,"stat.useItem.minecraft.obsidian":13,"stat.useItem.minecraft.dirt":60,"stat.useItem.minecraft.stone_slab2":59,"stat.pickup.minecraft.bow":4,"stat.craftItem.minecraft.furnace":1,"stat.craftItem.minecraft.iron_boots":1,"stat.useItem.minecraft.iron_ore":2,"stat.killEntity.explosive_ninja":3,"stat.pickup.narutomod.scroll_futon_chakra_flow":2,"stat.craftItem.minecraft.stone_pickaxe":2,"stat.craftItem.minecraft.cooked_beef":9,"stat.mineBlock.minecraft.obsidian":1,"stat.pickup.minecraft.cobblestone":578,"stat.entityKilledBy.kimimaro":4,"stat.flyOneCm":716162,"stat.pickup.minecraft.sandstone":2,"stat.pickup.narutomod.kunai":11,"stat.useItem.minecraft.cooked_beef":9,"stat.pickup.minecraft.redstone":3,"stat.mineBlock.minecraft.iron_ore":5,"stat.timeSinceDeath":14771,"stat.pickup.minecraft.mutton":5,"stat.pickup.minecraft.mossy_cobblestone":5,"stat.pickup.minecraft.chainmail_helmet":1,"stat.pickup.minecraft.stonebrick":15,"stat.mineBlock.minecraft.coal_ore":4,"stat.killEntity.Creeper":25,"stat.pickup.minecraft.string":13,"stat.entityKilledBy.Skeleton":3,"stat.pickup.narutomod.ryo_100":76,"stat.craftItem.minecraft.stone_slab2":0,"stat.killEntity.Squid":41,"stat.sprintOneCm":459241,"stat.craftItem.minecraft.stick":36,"stat.pickup.narutomod.scroll_earth_spears":1,"stat.mineBlock.minecraft.crafting_table":3,"stat.useItem.minecraft.diamond_pickaxe":140,"stat.pickup.minecraft.sugar":2,"stat.mineBlock.minecraft.planks":1,"stat.drop":20,"stat.killEntity.itachi":1,"stat.pickup.narutomod.scroll_false_darkness":1,"stat.killEntity.Sheep":4,"stat.craftItem.minecraft.diamond_pickaxe":1,"stat.killEntity.Zombie":153,"stat.diveOneCm":341049,"stat.pickup.minecraft.gravel":4,"stat.killEntity.ninjabandit":53,"stat.useItem.minecraft.apple":6,"stat.pickup.minecraft.obsidian":1,"stat.useItem.minecraft.rotten_flesh":151,"stat.jump":3899,"stat.pickup.minecraft.coal":5,"stat.pickup.minecraft.iron_ingot":2,"stat.pickup.narutomod.scroll_body_replacement":3,"stat.useItem.minecraft.stone_axe":62,"stat.pickup.minecraft.gunpowder":12,"stat.craftItem.minecraft.bread":43,"stat.pickup.minecraft.spider_eye":6,"stat.craftItem.minecraft.torch":96,"stat.pickup.minecraft.dirt":115,"stat.craftItem.minecraft.iron_helmet":2,"stat.pickup.minecraft.iron_ore":9,"stat.boatOneCm":13783,"stat.pickup.minecraft.iron_axe":5,"stat.mineBlock.minecraft.glass_pane":3,"stat.mineBlock.minecraft.leaves2":3,"stat.damageTaken":91419,"stat.pickup.minecraft.leather":3,"stat.killEntity.tconstruct.blueslime":6,"stat.mineBlock.minecraft.torch":19,"stat.useItem.minecraft.wooden_pickaxe":6,"stat.craftItem.narutomod.samurai_armorbody":1,"stat.killEntity.CaveSpider":6,"stat.pickup.minecraft.bed":1,"stat.entityKilledBy.Zombie":2,"stat.useItem.narutomod.zabuza_sword":423,"stat.damageDealt":58917,"stat.sleepInBed":3,"stat.killEntity.Cow":7,"stat.pickup.narutomod.scroll_water_shark":1,"stat.walkOneCm":1626565,"stat.pickup.narutomod.scroll_water_stream":1,"stat.playerKills":2,"stat.useItem.minecraft.chest":1,"stat.killEntity.rogue_ninja":18,"stat.drop.patchouli.guide_book":1,"stat.craftItem.minecraft.wheat":27,"stat.killEntity.toad_summon":1,"stat.killEntity.uzumaki_naruto":3,"stat.pickup.minecraft.stone":105,"stat.craftItem.minecraft.iron_chestplate":2,"stat.entityKilledBy.otsutsuki":2,"stat.pickup.minecraft.ender_pearl":1,"stat.pickup.minecraft.gold_ingot":24,"stat.killEntity.Skeleton":48,"stat.mineBlock.minecraft.stonebrick":18,"stat.killEntity.Spider":19,"stat.mobKills":578,"stat.useItem.minecraft.golden_apple":4,"stat.useItem.minecraft.boat":1,"stat.pickup.minecraft.diamond":2,"stat.mineBlock.minecraft.leaves":4,"stat.pickup.minecraft.beetroot_seeds":2,"stat.pickup.minecraft.torch":21,"stat.entityKilledBy.ninjabandit":2,"stat.drop.minecraft.arrow":4,"stat.drop.tconstruct.book":1,"stat.mineBlock.minecraft.stone":457,"stat.useItem.minecraft.sandstone":1}