{"stat.chestOpened":8,"stat.pickup.minecraft.bone":12,"stat.pickup.tconstruct.longsword":1,"stat.pickup.minecraft.arrow":9,"stat.killEntity.ninjabandit":1,"stat.pickup.tconstruct.edible":8,"stat.useItem.minecraft.rotten_flesh":53,"stat.jump":497,"stat.swimOneCm":87094,"stat.fallOneCm":13782,"stat.useItem.minecraft.planks":121,"stat.useItem.minecraft.stone_axe":42,"stat.crouchOneCm":6357,"stat.pickup.minecraft.spider_eye":2,"stat.craftItem.minecraft.iron_ingot":21,"stat.pickup.minecraft.dirt":64,"stat.useItem.minecraft.dirt":42,"stat.craftItem.minecraft.iron_helmet":1,"stat.useItem.minecraft.stone_slab2":9,"stat.pickup.minecraft.bow":2,"stat.craftingTableInteraction":10,"stat.pickup.minecraft.rotten_flesh":60,"stat.pickup.minecraft.sand":8,"stat.boatOneCm":13783,"stat.craftItem.minecraft.stone_axe":1,"stat.damageTaken":2797,"stat.craftItem.minecraft.stone_pickaxe":2,"stat.killEntity.tconstruct.blueslime":6,"stat.useItem.minecraft.wooden_pickaxe":6,"stat.pickup.minecraft.cobblestone":11,"stat.craftItem.minecraft.wooden_sword":1,"stat.pickup.minecraft.planks":1,"stat.craftItem.minecraft.stone_sword":1,"stat.killEntity.CaveSpider":2,"stat.flyOneCm":69716,"stat.pickup.minecraft.wheat_seeds":1,"stat.entityKilledBy.Zombie":2,"stat.useItem.minecraft.stone_pickaxe":6,"stat.useItem.minecraft.stone_sword":109,"stat.craftItem.minecraft.iron_leggings":1,"stat.damageDealt":13958,"stat.timeSinceDeath":13309,"stat.mineBlock.minecraft.dirt":38,"stat.craftItem.minecraft.wooden_pickaxe":1,"stat.entityKilledBy.explosive_ninja":1,"stat.walkOneCm":196351,"stat.pickup.minecraft.crafting_table":3,"stat.craftItem.minecraft.crafting_table":1,"stat.killEntity.lava_ninja":1,"stat.furnaceInteraction":16,"stat.killEntity.rogue_ninja":1,"stat.craftItem.minecraft.boat":1,"stat.killEntity.Creeper":1,"stat.pickup.minecraft.log":39,"stat.pickup.minecraft.string":2,"stat.drop.patchouli.guide_book":1,"stat.entityKilledBy.Skeleton":3,"stat.pickup.narutomod.ryo_100":4,"stat.craftItem.minecraft.stone_slab2":0,"stat.craftItem.minecraft.iron_chestplate":1,"stat.sprintOneCm":80359,"stat.craftItem.minecraft.stick":12,"stat.killEntity.Skeleton":11,"stat.craftItem.minecraft.planks":156,"stat.mineBlock.minecraft.crafting_table":3,"stat.killEntity.Spider":1,"stat.mobKills":79,"stat.mineBlock.minecraft.log":39,"stat.useItem.minecraft.boat":1,"stat.deaths":7,"stat.mineBlock.minecraft.planks":1,"stat.drop":6,"stat.mineBlock.minecraft.leaves":3,"stat.playOneMinute":72852,"stat.sneakTime":4007,"stat.entityKilledBy.ninjabandit":1,"stat.killEntity.Zombie":50,"stat.drop.minecraft.arrow":4,"stat.drop.tconstruct.book":1,"stat.mineBlock.minecraft.stone":11,"stat.mineBlock.minecraft.tallgrass":5,"stat.diveOneCm":154441}