{"stat.walkOneCm":36579,"stat.pickup.minecraft.arrow":1,"stat.useItem.minecraft.rotten_flesh":10,"stat.pickup.minecraft.log":8,"stat.drop.patchouli.guide_book":1,"stat.jump":160,"stat.swimOneCm":62114,"stat.fallOneCm":3222,"stat.entityKilledBy.Skeleton":2,"stat.crouchOneCm":2454,"stat.pickup.minecraft.dirt":28,"stat.useItem.minecraft.dirt":22,"stat.sprintOneCm":10765,"stat.useItem.minecraft.stone_slab2":1,"stat.pickup.minecraft.rotten_flesh":32,"stat.pickup.minecraft.sand":6,"stat.damageTaken":1161,"stat.mobKills":16,"stat.mineBlock.minecraft.log":9,"stat.flyOneCm":15161,"stat.deaths":4,"stat.drop":3,"stat.playOneMinute":26947,"stat.entityKilledBy.Zombie":1,"stat.sneakTime":3230,"stat.damageDealt":2756,"stat.killEntity.Zombie":12,"stat.drop.minecraft.arrow":1,"stat.timeSinceDeath":18154,"stat.mineBlock.minecraft.dirt":17,"stat.drop.tconstruct.book":1,"stat.entityKilledBy.explosive_ninja":1,"stat.mineBlock.minecraft.tallgrass":3,"stat.diveOneCm":59469}