{"stat.pickup.tconstruct.longsword":1,"stat.leaveGame":5,"stat.pickup.narutomod.military_rations_pill":2,"stat.drop.minecraft.gunpowder":1,"stat.pickup.tconstruct.edible":8,"stat.mineBlock.minecraft.sandstone":2,"stat.useItem.minecraft.planks":122,"stat.pickup.narutomod.team_scroll":1,"stat.pickup.minecraft.glowstone_dust":1,"stat.pickup.minecraft.rotten_flesh":127,"stat.pickup.minecraft.sand":21,"stat.craftItem.minecraft.golden_apple":2,"stat.craftItem.minecraft.stone_axe":1,"stat.killEntity.Enderman":1,"stat.craftItem.minecraft.stone_sword":1,"stat.useItem.minecraft.ender_pearl":1,"stat.pickup.minecraft.chainmail_chestplate":1,"stat.mineBlock.minecraft.sand":10,"stat.killEntity.Witch":3,"stat.useItem.minecraft.iron_pickaxe":254,"stat.craftItem.minecraft.wooden_pickaxe":1,"stat.entityKilledBy.explosive_ninja":2,"stat.craftItem.minecraft.bed":1,"stat.pickup.narutomod.scroll_big_blow":1,"stat.entityKilledBy.rogue_anbu":2,"stat.killEntity.lava_ninja":6,"stat.furnaceInteraction":24,"stat.drop.narutomod.ryo_100":4,"stat.pickup.minecraft.beef":10,"stat.useItem.minecraft.cooked_mutton":6,"stat.pickup.narutomod.ryo_1000":15,"stat.pickup.narutomod.scroll_earth_golem":1,"stat.pickup.minecraft.emerald":74,"stat.useItem.minecraft.beef":3,"stat.deaths":64,"stat.pickup.minecraft.egg":2,"stat.playOneMinute":438522,"stat.mineBlock.minecraft.tallgrass":7,"stat.craftItem.minecraft.cooked_mutton":5,"stat.pickup.minecraft.cooked_mutton":1,"stat.entityKilledBy.jiraiya":33,"stat.chestOpened":46,"stat.killEntity.zabuza_momochi":3,"stat.useItem.minecraft.stone":20,"stat.killEntity.rogue_anbu":2,"stat.pickup.minecraft.arrow":33,"stat.pickup.narutomod.scroll_hiding_in_camouflage":1,"stat.killEntity.s_rank_missing_ninja":4,"stat.entityKilledBy.edotensei_nagato":1,"stat.fallOneCm":185631,"stat.killEntity.whitezetsu":8,"stat.drop.minecraft.stone":12,"stat.pickup.minecraft.carrot":3,"stat.crouchOneCm":16040,"stat.craftItem.minecraft.iron_ingot":21,"stat.craftingTableInteraction":22,"stat.killEntity.kimimaro":2,"stat.useItem.tconstruct.longsword":3,"stat.craftItem.minecraft.wooden_sword":1,"stat.pickup.minecraft.planks":2,"stat.killEntity.jiraiya":1,"stat.pickup.minecraft.wheat_seeds":4,"stat.useItem.minecraft.stone_pickaxe":142,"stat.useItem.minecraft.stone_sword":109,"stat.craftItem.minecraft.iron_leggings":2,"stat.mineBlock.minecraft.dirt":80,"stat.killEntity.VindicationIllager":139,"stat.pickup.minecraft.chainmail_boots":1,"stat.drop.minecraft.iron_axe":2,"stat.useItem.minecraft.bread":51,"stat.useItem.minecraft.torch":56,"stat.pickup.minecraft.golden_apple":2,"stat.pickup.minecraft.crafting_table":3,"stat.useItem.minecraft.cobblestone":287,"stat.craftItem.minecraft.crafting_table":3,"stat.craftItem.minecraft.boat":1,"stat.pickup.minecraft.log":40,"stat.entityKilledBy.uzumaki_naruto":1,"stat.pickup.narutomod.shuriken":10,"stat.pickup.narutomod.scroll_transformation":2,"stat.craftItem.minecraft.planks":156,"stat.killEntity.yakushi_kabuto":1,"stat.useItem.minecraft.stonebrick":1,"stat.mineBlock.minecraft.log":39,"stat.sneakTime":17874,"stat.pickup.minecraft.wool":3,"stat.useItem.narutomod.military_rations_pill":2,"stat.useItem.rerollthingy.mysteriousfruit":1,"stat.pickup.minecraft.stone_slab":8,"stat.pickup.minecraft.yellow_flower":1,"stat.pickup.rerollthingy.mysteriousfruit":1,"stat.pickup.minecraft.chest":2,"stat.drop.minecraft.stone_pickaxe":2,"stat.pickup.minecraft.bone":49,"stat.entityKilledBy.iwa_rogue":1,"stat.entityKilledBy.lava_ninja":1,"stat.drop.minecraft.glowstone_dust":1,"stat.mineBlock.minecraft.cobblestone":33,"stat.pickup.minecraft.stone_pickaxe":1,"stat.pickup.narutomod.zabuza_sword":1,"stat.swimOneCm":125906,"stat.climbOneCm":1813,"stat.useItem.minecraft.obsidian":13,"stat.useItem.minecraft.dirt":61,"stat.useItem.minecraft.stone_slab2":59,"stat.pickup.minecraft.bow":4,"stat.craftItem.minecraft.furnace":1,"stat.craftItem.minecraft.iron_boots":1,"stat.useItem.minecraft.iron_ore":2,"stat.killEntity.explosive_ninja":3,"stat.pickup.narutomod.scroll_futon_chakra_flow":4,"stat.craftItem.minecraft.stone_pickaxe":2,"stat.craftItem.minecraft.cooked_beef":9,"stat.mineBlock.minecraft.obsidian":1,"stat.pickup.minecraft.cobblestone":582,"stat.entityKilledBy.kimimaro":4,"stat.flyOneCm":833296,"stat.pickup.minecraft.sandstone":2,"stat.pickup.narutomod.kunai":17,"stat.useItem.minecraft.cooked_beef":9,"stat.pickup.minecraft.redstone":3,"stat.mineBlock.minecraft.iron_ore":5,"stat.timeSinceDeath":20084,"stat.pickup.minecraft.mutton":5,"stat.pickup.minecraft.mossy_cobblestone":5,"stat.pickup.minecraft.chainmail_helmet":1,"stat.pickup.minecraft.stonebrick":16,"stat.drop.minecraft.dirt":3,"stat.mineBlock.minecraft.coal_ore":4,"stat.killEntity.Creeper":26,"stat.killEntity.slug":1,"stat.pickup.minecraft.string":13,"stat.useItem.kabutoaddon.dna":1,"stat.entityKilledBy.Skeleton":3,"stat.pickup.narutomod.ryo_100":90,"stat.craftItem.minecraft.stone_slab2":0,"stat.killEntity.Squid":44,"stat.sprintOneCm":481854,"stat.craftItem.minecraft.stick":36,"stat.killEntity.giant_dog_2h":1,"stat.pickup.narutomod.scroll_earth_spears":1,"stat.mineBlock.minecraft.crafting_table":3,"stat.useItem.minecraft.diamond_pickaxe":142,"stat.pickup.minecraft.sugar":2,"stat.mineBlock.minecraft.planks":1,"stat.drop":31,"stat.killEntity.itachi":1,"stat.pickup.narutomod.scroll_false_darkness":1,"stat.killEntity.Sheep":4,"stat.craftItem.minecraft.diamond_pickaxe":1,"stat.killEntity.Zombie":157,"stat.diveOneCm":352276,"stat.pickup.minecraft.gravel":4,"stat.killEntity.ninjabandit":56,"stat.useItem.minecraft.apple":6,"stat.pickup.minecraft.obsidian":1,"stat.entityKilledBy.yakushi_kabuto":1,"stat.useItem.minecraft.rotten_flesh":151,"stat.jump":4355,"stat.pickup.minecraft.coal":5,"stat.pickup.minecraft.iron_ingot":2,"stat.pickup.narutomod.scroll_body_replacement":4,"stat.useItem.minecraft.stone_axe":62,"stat.pickup.minecraft.gunpowder":12,"stat.craftItem.minecraft.bread":43,"stat.pickup.minecraft.spider_eye":6,"stat.craftItem.minecraft.torch":96,"stat.pickup.minecraft.dirt":118,"stat.craftItem.minecraft.iron_helmet":2,"stat.pickup.minecraft.iron_ore":9,"stat.boatOneCm":13783,"stat.pickup.minecraft.iron_axe":8,"stat.pickup.narutomod.mangekyosharinganitachihelmet":1,"stat.mineBlock.minecraft.glass_pane":3,"stat.mineBlock.minecraft.leaves2":3,"stat.damageTaken":99152,"stat.pickup.minecraft.leather":3,"stat.killEntity.tconstruct.blueslime":6,"stat.mineBlock.minecraft.torch":19,"stat.useItem.minecraft.wooden_pickaxe":6,"stat.craftItem.narutomod.samurai_armorbody":1,"stat.killEntity.CaveSpider":6,"stat.pickup.minecraft.bed":3,"stat.entityKilledBy.Zombie":2,"stat.useItem.narutomod.zabuza_sword":490,"stat.killEntity.snake_summon":1,"stat.damageDealt":112051,"stat.killEntity.edotensei_itachi":1,"stat.sleepInBed":3,"stat.killEntity.Cow":7,"stat.pickup.narutomod.scroll_water_shark":1,"stat.walkOneCm":1807459,"stat.pickup.narutomod.scroll_water_stream":1,"stat.playerKills":3,"stat.useItem.minecraft.chest":1,"stat.killEntity.rogue_ninja":20,"stat.drop.patchouli.guide_book":1,"stat.craftItem.minecraft.wheat":27,"stat.killEntity.toad_summon":1,"stat.killEntity.uzumaki_naruto":3,"stat.pickup.minecraft.stone":105,"stat.craftItem.minecraft.iron_chestplate":2,"stat.entityKilledBy.otsutsuki":2,"stat.pickup.minecraft.ender_pearl":1,"stat.pickup.minecraft.gold_ingot":24,"stat.killEntity.Skeleton":48,"stat.mineBlock.minecraft.stonebrick":19,"stat.killEntity.Spider":19,"stat.mobKills":639,"stat.useItem.minecraft.golden_apple":4,"stat.useItem.minecraft.boat":1,"stat.pickup.minecraft.diamond":2,"stat.mineBlock.minecraft.leaves":4,"stat.pickup.minecraft.beetroot_seeds":2,"stat.pickup.minecraft.torch":21,"stat.entityKilledBy.ninjabandit":2,"stat.drop.minecraft.arrow":4,"stat.drop.tconstruct.book":1,"stat.mineBlock.minecraft.stone":458,"stat.useItem.minecraft.sandstone":1}