{"stat.drop.minecraft.stone_pickaxe":2,"stat.pickup.minecraft.bone":28,"stat.pickup.tconstruct.longsword":1,"stat.leaveGame":1,"stat.entityKilledBy.lava_ninja":1,"stat.drop.minecraft.glowstone_dust":1,"stat.mineBlock.minecraft.cobblestone":11,"stat.drop.minecraft.gunpowder":1,"stat.pickup.minecraft.stone_pickaxe":1,"stat.pickup.tconstruct.edible":8,"stat.swimOneCm":108444,"stat.useItem.minecraft.planks":122,"stat.climbOneCm":1576,"stat.pickup.minecraft.glowstone_dust":1,"stat.useItem.minecraft.dirt":42,"stat.useItem.minecraft.stone_slab2":15,"stat.pickup.minecraft.bow":3,"stat.pickup.minecraft.rotten_flesh":112,"stat.pickup.minecraft.sand":12,"stat.craftItem.minecraft.furnace":1,"stat.craftItem.minecraft.stone_axe":1,"stat.killEntity.explosive_ninja":2,"stat.craftItem.minecraft.stone_pickaxe":2,"stat.pickup.minecraft.cobblestone":130,"stat.entityKilledBy.kimimaro":2,"stat.craftItem.minecraft.stone_sword":1,"stat.flyOneCm":309586,"stat.pickup.minecraft.chainmail_chestplate":1,"stat.mineBlock.minecraft.sand":4,"stat.pickup.narutomod.kunai":5,"stat.killEntity.Witch":3,"stat.mineBlock.minecraft.iron_ore":3,"stat.timeSinceDeath":4129,"stat.useItem.minecraft.iron_pickaxe":18,"stat.craftItem.minecraft.wooden_pickaxe":1,"stat.entityKilledBy.explosive_ninja":2,"stat.pickup.minecraft.mutton":5,"stat.pickup.minecraft.mossy_cobblestone":5,"stat.craftItem.minecraft.bed":1,"stat.pickup.narutomod.scroll_big_blow":1,"stat.entityKilledBy.rogue_anbu":1,"stat.pickup.minecraft.chainmail_helmet":1,"stat.pickup.minecraft.stonebrick":3,"stat.killEntity.lava_ninja":4,"stat.furnaceInteraction":22,"stat.killEntity.Creeper":7,"stat.pickup.minecraft.string":9,"stat.pickup.minecraft.beef":5,"stat.useItem.minecraft.cooked_mutton":5,"stat.entityKilledBy.Skeleton":3,"stat.pickup.narutomod.ryo_100":40,"stat.craftItem.minecraft.stone_slab2":0,"stat.sprintOneCm":202879,"stat.craftItem.minecraft.stick":20,"stat.pickup.narutomod.ryo_1000":9,"stat.pickup.narutomod.scroll_earth_golem":1,"stat.mineBlock.minecraft.crafting_table":3,"stat.pickup.minecraft.emerald":6,"stat.deaths":23,"stat.mineBlock.minecraft.planks":1,"stat.drop":10,"stat.pickup.minecraft.egg":2,"stat.killEntity.itachi":1,"stat.pickup.narutomod.scroll_false_darkness":1,"stat.playOneMinute":182484,"stat.killEntity.Sheep":3,"stat.killEntity.Zombie":124,"stat.mineBlock.minecraft.tallgrass":6,"stat.craftItem.minecraft.cooked_mutton":5,"stat.diveOneCm":232791,"stat.chestOpened":30,"stat.useItem.minecraft.stone":2,"stat.killEntity.rogue_anbu":1,"stat.pickup.minecraft.arrow":18,"stat.pickup.narutomod.scroll_hiding_in_camouflage":1,"stat.killEntity.ninjabandit":29,"stat.useItem.minecraft.apple":2,"stat.useItem.minecraft.rotten_flesh":107,"stat.jump":1919,"stat.fallOneCm":68224,"stat.pickup.minecraft.iron_ingot":1,"stat.killEntity.whitezetsu":4,"stat.useItem.minecraft.stone_axe":62,"stat.pickup.minecraft.gunpowder":6,"stat.craftItem.minecraft.bread":43,"stat.crouchOneCm":13970,"stat.pickup.minecraft.spider_eye":5,"stat.craftItem.minecraft.iron_ingot":21,"stat.craftItem.minecraft.torch":40,"stat.pickup.minecraft.dirt":79,"stat.craftItem.minecraft.iron_helmet":1,"stat.craftingTableInteraction":14,"stat.pickup.minecraft.iron_ore":3,"stat.boatOneCm":13783,"stat.killEntity.kimimaro":1,"stat.mineBlock.minecraft.glass_pane":2,"stat.mineBlock.minecraft.leaves2":3,"stat.damageTaken":11915,"stat.pickup.minecraft.leather":1,"stat.killEntity.tconstruct.blueslime":6,"stat.useItem.tconstruct.longsword":1,"stat.mineBlock.minecraft.torch":1,"stat.useItem.minecraft.wooden_pickaxe":6,"stat.craftItem.minecraft.wooden_sword":1,"stat.pickup.minecraft.planks":1,"stat.killEntity.CaveSpider":6,"stat.pickup.minecraft.wheat_seeds":2,"stat.entityKilledBy.Zombie":2,"stat.useItem.minecraft.stone_pickaxe":142,"stat.useItem.minecraft.stone_sword":109,"stat.craftItem.minecraft.iron_leggings":1,"stat.damageDealt":23857,"stat.sleepInBed":2,"stat.killEntity.Cow":4,"stat.mineBlock.minecraft.dirt":53,"stat.killEntity.VindicationIllager":21,"stat.pickup.minecraft.chainmail_boots":1,"stat.pickup.narutomod.scroll_water_shark":1,"stat.walkOneCm":802315,"stat.useItem.minecraft.bread":25,"stat.useItem.minecraft.torch":29,"stat.pickup.narutomod.scroll_water_stream":1,"stat.playerKills":1,"stat.useItem.minecraft.chest":1,"stat.pickup.minecraft.crafting_table":3,"stat.useItem.minecraft.cobblestone":54,"stat.craftItem.minecraft.crafting_table":3,"stat.killEntity.rogue_ninja":4,"stat.craftItem.minecraft.boat":1,"stat.pickup.minecraft.log":39,"stat.drop.patchouli.guide_book":1,"stat.craftItem.minecraft.wheat":27,"stat.pickup.narutomod.shuriken":5,"stat.pickup.minecraft.stone":24,"stat.craftItem.minecraft.iron_chestplate":1,"stat.entityKilledBy.otsutsuki":1,"stat.pickup.minecraft.gold_ingot":24,"stat.killEntity.Skeleton":28,"stat.mineBlock.minecraft.stonebrick":3,"stat.craftItem.minecraft.planks":156,"stat.killEntity.Spider":9,"stat.mobKills":291,"stat.mineBlock.minecraft.log":39,"stat.useItem.minecraft.boat":1,"stat.pickup.minecraft.diamond":2,"stat.mineBlock.minecraft.leaves":3,"stat.pickup.minecraft.beetroot_seeds":2,"stat.pickup.minecraft.torch":1,"stat.sneakTime":11677,"stat.entityKilledBy.ninjabandit":2,"stat.pickup.minecraft.wool":3,"stat.drop.minecraft.arrow":4,"stat.pickup.minecraft.stone_slab":8,"stat.pickup.minecraft.yellow_flower":1,"stat.drop.tconstruct.book":1,"stat.mineBlock.minecraft.stone":144,"stat.pickup.minecraft.chest":2}