{"stat.flyOneCm":14710,"stat.pickup.minecraft.sand":6,"stat.deaths":4,"stat.walkOneCm":32762,"stat.jump":127,"stat.swimOneCm":37914,"stat.playOneMinute":10831,"stat.fallOneCm":3222,"stat.entityKilledBy.Zombie":1,"stat.entityKilledBy.Skeleton":2,"stat.pickup.minecraft.arrow":1,"stat.sneakTime":87,"stat.damageTaken":1111,"stat.damageDealt":150,"stat.crouchOneCm":87,"stat.timeSinceDeath":2038,"stat.pickup.minecraft.dirt":18,"stat.useItem.minecraft.dirt":7,"stat.sprintOneCm":9937,"stat.mineBlock.minecraft.dirt":6,"stat.entityKilledBy.explosive_ninja":1,"stat.mineBlock.minecraft.tallgrass":3,"stat.diveOneCm":26189}