{"stat.chestOpened":26,"stat.pickup.minecraft.bone":28,"stat.pickup.tconstruct.longsword":1,"stat.pickup.minecraft.arrow":17,"stat.entityKilledBy.lava_ninja":1,"stat.pickup.narutomod.scroll_hiding_in_camouflage":1,"stat.drop.minecraft.gunpowder":1,"stat.killEntity.ninjabandit":18,"stat.useItem.minecraft.apple":2,"stat.pickup.tconstruct.edible":8,"stat.useItem.minecraft.rotten_flesh":107,"stat.jump":1436,"stat.swimOneCm":94099,"stat.fallOneCm":45508,"stat.useItem.minecraft.planks":122,"stat.pickup.minecraft.iron_ingot":1,"stat.climbOneCm":1576,"stat.killEntity.whitezetsu":3,"stat.pickup.minecraft.glowstone_dust":1,"stat.useItem.minecraft.stone_axe":62,"stat.pickup.minecraft.gunpowder":1,"stat.craftItem.minecraft.bread":43,"stat.crouchOneCm":8825,"stat.pickup.minecraft.spider_eye":3,"stat.craftItem.minecraft.iron_ingot":21,"stat.craftItem.minecraft.torch":40,"stat.pickup.minecraft.dirt":75,"stat.useItem.minecraft.dirt":42,"stat.craftItem.minecraft.iron_helmet":1,"stat.useItem.minecraft.stone_slab2":14,"stat.pickup.minecraft.bow":3,"stat.craftingTableInteraction":14,"stat.pickup.minecraft.rotten_flesh":111,"stat.pickup.minecraft.sand":8,"stat.craftItem.minecraft.furnace":1,"stat.boatOneCm":13783,"stat.craftItem.minecraft.stone_axe":1,"stat.mineBlock.minecraft.glass_pane":2,"stat.mineBlock.minecraft.leaves2":3,"stat.damageTaken":6849,"stat.pickup.minecraft.leather":1,"stat.killEntity.explosive_ninja":2,"stat.craftItem.minecraft.stone_pickaxe":2,"stat.killEntity.tconstruct.blueslime":6,"stat.useItem.tconstruct.longsword":1,"stat.mineBlock.minecraft.torch":1,"stat.useItem.minecraft.wooden_pickaxe":6,"stat.pickup.minecraft.cobblestone":34,"stat.craftItem.minecraft.wooden_sword":1,"stat.pickup.minecraft.planks":1,"stat.craftItem.minecraft.stone_sword":1,"stat.killEntity.CaveSpider":6,"stat.flyOneCm":199397,"stat.pickup.minecraft.chainmail_chestplate":1,"stat.pickup.minecraft.wheat_seeds":1,"stat.pickup.narutomod.kunai":3,"stat.killEntity.Witch":1,"stat.entityKilledBy.Zombie":2,"stat.useItem.minecraft.stone_pickaxe":36,"stat.useItem.minecraft.stone_sword":109,"stat.craftItem.minecraft.iron_leggings":1,"stat.damageDealt":23857,"stat.sleepInBed":1,"stat.timeSinceDeath":4722,"stat.killEntity.Cow":4,"stat.mineBlock.minecraft.dirt":49,"stat.craftItem.minecraft.wooden_pickaxe":1,"stat.entityKilledBy.explosive_ninja":2,"stat.pickup.minecraft.chainmail_boots":1,"stat.pickup.minecraft.mutton":5,"stat.pickup.minecraft.mossy_cobblestone":5,"stat.pickup.narutomod.scroll_water_shark":1,"stat.walkOneCm":634678,"stat.craftItem.minecraft.bed":1,"stat.useItem.minecraft.bread":8,"stat.useItem.minecraft.torch":9,"stat.playerKills":1,"stat.useItem.minecraft.chest":1,"stat.entityKilledBy.rogue_anbu":1,"stat.pickup.minecraft.chainmail_helmet":1,"stat.pickup.minecraft.crafting_table":3,"stat.craftItem.minecraft.crafting_table":3,"stat.killEntity.lava_ninja":4,"stat.furnaceInteraction":22,"stat.killEntity.rogue_ninja":1,"stat.craftItem.minecraft.boat":1,"stat.killEntity.Creeper":5,"stat.pickup.minecraft.log":39,"stat.pickup.minecraft.string":8,"stat.drop.patchouli.guide_book":1,"stat.craftItem.minecraft.wheat":27,"stat.pickup.minecraft.beef":5,"stat.useItem.minecraft.cooked_mutton":2,"stat.entityKilledBy.Skeleton":3,"stat.pickup.narutomod.ryo_100":27,"stat.craftItem.minecraft.stone_slab2":0,"stat.pickup.minecraft.stone":2,"stat.craftItem.minecraft.iron_chestplate":1,"stat.entityKilledBy.otsutsuki":1,"stat.sprintOneCm":169875,"stat.craftItem.minecraft.stick":20,"stat.pickup.minecraft.gold_ingot":24,"stat.killEntity.Skeleton":25,"stat.craftItem.minecraft.planks":156,"stat.pickup.narutomod.ryo_1000":4,"stat.mineBlock.minecraft.crafting_table":3,"stat.killEntity.Spider":6,"stat.mobKills":215,"stat.mineBlock.minecraft.log":39,"stat.useItem.minecraft.boat":1,"stat.deaths":13,"stat.mineBlock.minecraft.planks":1,"stat.drop":7,"stat.pickup.minecraft.diamond":2,"stat.mineBlock.minecraft.leaves":3,"stat.pickup.minecraft.beetroot_seeds":2,"stat.pickup.minecraft.egg":2,"stat.playOneMinute":145752,"stat.pickup.minecraft.torch":1,"stat.killEntity.Sheep":3,"stat.sneakTime":8117,"stat.entityKilledBy.ninjabandit":1,"stat.pickup.minecraft.wool":3,"stat.killEntity.Zombie":109,"stat.drop.minecraft.arrow":4,"stat.pickup.minecraft.stone_slab":8,"stat.pickup.minecraft.yellow_flower":1,"stat.drop.tconstruct.book":1,"stat.mineBlock.minecraft.stone":37,"stat.mineBlock.minecraft.tallgrass":5,"stat.craftItem.minecraft.cooked_mutton":5,"stat.diveOneCm":201629,"stat.pickup.minecraft.chest":2}