{"stat.pickup.tconstruct.tooltables":6,"stat.entityKilledBy.iwa_rogue":1,"stat.useItem.minecraft.stone":1,"stat.leaveGame":2,"stat.pickup.minecraft.gravel":281,"stat.mineBlock.minecraft.cobblestone":1,"stat.pickup.minecraft.flint":26,"stat.killEntity.ninjabandit":6,"stat.craftItem.minecraft.flint":78,"stat.useItem.tconstruct.rapier":1,"stat.drop.tconstruct.longsword":1,"stat.jump":315,"stat.useItem.minecraft.sand":3,"stat.swimOneCm":32634,"stat.pickup.minecraft.coal":62,"stat.climbOneCm":3285,"stat.fallOneCm":5504,"stat.pickup.minecraft.iron_ingot":9,"stat.pickup.minecraft.cooked_porkchop":3,"stat.crouchOneCm":4086,"stat.craftItem.minecraft.torch":32,"stat.pickup.minecraft.dirt":8,"stat.useItem.minecraft.stone_slab2":17,"stat.pickup.minecraft.iron_ore":7,"stat.pickup.minecraft.rotten_flesh":20,"stat.pickup.minecraft.sand":57,"stat.mineBlock.tconstruct.tooltables":6,"stat.craftItem.tconstruct.pattern":38,"stat.damageTaken":2668,"stat.mineBlock.minecraft.torch":2,"stat.pickup.minecraft.cobblestone":242,"stat.pickup.minecraft.planks":2,"stat.flyOneCm":40109,"stat.mineBlock.minecraft.sand":52,"stat.entityKilledBy.Zombie":1,"stat.mineBlock.minecraft.gravel":306,"stat.damageDealt":1627,"stat.pickup.minecraft.redstone":30,"stat.mineBlock.minecraft.iron_ore":7,"stat.timeSinceDeath":2366,"stat.mineBlock.minecraft.dirt":1,"stat.useItem.tconstruct.shovel":358,"stat.walkOneCm":70646,"stat.useItem.minecraft.torch":11,"stat.pickup.tconstruct.rapier":1,"stat.drop.minecraft.rotten_flesh":1,"stat.useItem.minecraft.cobblestone":13,"stat.craftItem.minecraft.crafting_table":4,"stat.furnaceInteraction":2,"stat.useItem.minecraft.cooked_porkchop":1,"stat.mineBlock.minecraft.coal_ore":62,"stat.talkedToVillager":1,"stat.pickup.minecraft.log":28,"stat.pickup.narutomod.shuriken":3,"stat.useItem.tconstruct.pickaxe":344,"stat.pickup.narutomod.ryo_100":4,"stat.entityKilledBy.Skeleton":1,"stat.pickup.minecraft.stone":9,"stat.craftItem.tconstruct.tooltables":9,"stat.sprintOneCm":30213,"stat.craftItem.minecraft.stick":20,"stat.craftItem.minecraft.planks":100,"stat.mobKills":8,"stat.mineBlock.minecraft.log":28,"stat.mineBlock.minecraft.planks":2,"stat.deaths":8,"stat.drop":3,"stat.playOneMinute":36209,"stat.pickup.minecraft.torch":6,"stat.sneakTime":1198,"stat.entityKilledBy.ninjabandit":4,"stat.killEntity.Zombie":2,"stat.drop.minecraft.iron_ingot":9,"stat.mineBlock.minecraft.stone":273,"stat.mineBlock.minecraft.tallgrass":1,"stat.diveOneCm":11591,"stat.useItem.tconstruct.hatchet":29}