{"stat.pickup.tconstruct.tooltables":1,"stat.entityKilledBy.iwa_rogue":1,"stat.leaveGame":2,"stat.killEntity.ninjabandit":5,"stat.jump":172,"stat.useItem.minecraft.sand":2,"stat.swimOneCm":32634,"stat.climbOneCm":3285,"stat.fallOneCm":3983,"stat.crouchOneCm":293,"stat.pickup.minecraft.dirt":1,"stat.useItem.minecraft.stone_slab2":10,"stat.pickup.minecraft.rotten_flesh":2,"stat.pickup.minecraft.sand":3,"stat.mineBlock.tconstruct.tooltables":1,"stat.craftItem.tconstruct.pattern":33,"stat.damageTaken":2108,"stat.pickup.minecraft.cobblestone":22,"stat.pickup.minecraft.planks":2,"stat.flyOneCm":29530,"stat.mineBlock.minecraft.sand":1,"stat.entityKilledBy.Zombie":1,"stat.damageDealt":1395,"stat.timeSinceDeath":3721,"stat.walkOneCm":23852,"stat.pickup.tconstruct.rapier":1,"stat.drop.minecraft.rotten_flesh":1,"stat.useItem.minecraft.cobblestone":3,"stat.craftItem.minecraft.crafting_table":4,"stat.talkedToVillager":1,"stat.pickup.minecraft.log":28,"stat.pickup.narutomod.shuriken":3,"stat.useItem.tconstruct.pickaxe":22,"stat.pickup.narutomod.ryo_100":4,"stat.entityKilledBy.Skeleton":1,"stat.craftItem.tconstruct.tooltables":8,"stat.sprintOneCm":17465,"stat.craftItem.minecraft.stick":12,"stat.craftItem.minecraft.planks":92,"stat.mobKills":7,"stat.mineBlock.minecraft.log":28,"stat.mineBlock.minecraft.planks":2,"stat.deaths":6,"stat.drop":1,"stat.playOneMinute":20334,"stat.sneakTime":188,"stat.entityKilledBy.ninjabandit":3,"stat.killEntity.Zombie":2,"stat.mineBlock.minecraft.stone":22,"stat.mineBlock.minecraft.tallgrass":1,"stat.diveOneCm":11591,"stat.useItem.tconstruct.hatchet":24}