{"stat.useItem.minecraft.bow":15,"stat.entityKilledBy.iwa_rogue":1,"stat.pickup.minecraft.bone":7,"stat.leaveGame":4,"stat.pickup.tconstruct.longsword":2,"stat.mineBlock.minecraft.cobblestone":1,"stat.pickup.minecraft.flint":37,"stat.swimOneCm":38702,"stat.climbOneCm":7067,"stat.useItem.minecraft.planks":294,"stat.drop.minecraft.cobblestone":25,"stat.pickup.minecraft.cooked_porkchop":3,"stat.pickup.minecraft.porkchop":5,"stat.useItem.minecraft.dirt":6,"stat.useItem.minecraft.stone_slab2":35,"stat.pickup.minecraft.bow":1,"stat.pickup.minecraft.rotten_flesh":29,"stat.pickup.minecraft.sand":78,"stat.craftItem.minecraft.furnace":8,"stat.craftItem.minecraft.iron_boots":1,"stat.pickup.minecraft.cobblestone":694,"stat.flyOneCm":218436,"stat.mineBlock.minecraft.sand":57,"stat.pickup.minecraft.redstone":316,"stat.mineBlock.minecraft.iron_ore":43,"stat.timeSinceDeath":1698,"stat.pickup.tconstruct.slime_sapling":6,"stat.entityKilledBy.explosive_ninja":3,"stat.trappedChestTriggered":2,"stat.useItem.minecraft.potato":10,"stat.furnaceInteraction":39,"stat.useItem.minecraft.cooked_porkchop":5,"stat.mineBlock.minecraft.coal_ore":182,"stat.killEntity.Creeper":2,"stat.talkedToVillager":1,"stat.pickup.minecraft.furnace":7,"stat.pickup.narutomod.ryo_100":4,"stat.entityKilledBy.Skeleton":2,"stat.craftItem.tconstruct.slime_boots":1,"stat.craftItem.minecraft.stone_slab2":3,"stat.craftItem.tconstruct.tooltables":10,"stat.sprintOneCm":243424,"stat.craftItem.minecraft.stick":28,"stat.pickup.narutomod.scroll_puppet":1,"stat.drop.tconstruct.broadsword":2,"stat.pickup.tconstruct.slime_dirt":34,"stat.useItem.minecraft.carrot":12,"stat.entityKilledBy.Creeper":1,"stat.mineBlock.minecraft.planks":2,"stat.deaths":16,"stat.drop":11,"stat.playOneMinute":105085,"stat.pickup.minecraft.slime_ball":2,"stat.killEntity.Zombie":16,"stat.drop.minecraft.iron_ingot":9,"stat.mineBlock.minecraft.tallgrass":1,"stat.diveOneCm":20182,"stat.chestOpened":45,"stat.pickup.tconstruct.tooltables":10,"stat.useItem.minecraft.stone":1,"stat.pickup.minecraft.gravel":378,"stat.pickup.minecraft.arrow":6,"stat.pickup.narutomod.katon":1,"stat.craftItem.minecraft.cooked_porkchop":2,"stat.pickup.narutomod.ninjutsu":1,"stat.mineBlock.tconstruct.slime_leaves":225,"stat.killEntity.ninjabandit":6,"stat.craftItem.minecraft.flint":113,"stat.mineBlock.tconstruct.slime_dirt":3,"stat.useItem.tconstruct.rapier":1,"stat.drop.tconstruct.longsword":3,"stat.jump":1226,"stat.useItem.minecraft.sand":7,"stat.pickup.minecraft.coal":205,"stat.fallOneCm":12980,"stat.pickup.minecraft.iron_ingot":9,"stat.pickup.minecraft.carrot":14,"stat.drop.tconstruct.pattern":1,"stat.pickup.minecraft.gunpowder":4,"stat.entityKilledBy.CaveSpider":2,"stat.crouchOneCm":41277,"stat.pickup.minecraft.spider_eye":1,"stat.craftItem.minecraft.torch":32,"stat.craftItem.minecraft.chest":1,"stat.craftItem.minecraft.iron_ingot":31,"stat.pickup.minecraft.dirt":41,"stat.pickup.minecraft.iron_ore":43,"stat.craftingTableInteraction":10,"stat.pickup.tconstruct.slime_congealed":35,"stat.mineBlock.minecraft.lapis_ore":8,"stat.mineBlock.tconstruct.tooltables":9,"stat.craftItem.tconstruct.pattern":52,"stat.damageTaken":5389,"stat.mineBlock.minecraft.torch":4,"stat.mineBlock.minecraft.furnace":7,"stat.useItem.minecraft.furnace":7,"stat.useItem.tconstruct.kama":8,"stat.craftItem.narutomod.samurai_armorbody":1,"stat.pickup.narutomod.scroll_fire_stream":1,"stat.pickup.minecraft.dye":42,"stat.pickup.minecraft.planks":2,"stat.pickup.minecraft.reeds":19,"stat.killEntity.CaveSpider":8,"stat.pickup.minecraft.bed":1,"stat.pickup.minecraft.potato":26,"stat.entityKilledBy.Zombie":1,"stat.mineBlock.minecraft.gravel":411,"stat.craftItem.minecraft.iron_leggings":1,"stat.damageDealt":7984,"stat.mineBlock.minecraft.dirt":35,"stat.killEntity.Pig":2,"stat.pickup.minecraft.piston":6,"stat.useItem.tconstruct.shovel":568,"stat.walkOneCm":271771,"stat.useItem.minecraft.torch":36,"stat.pickup.tconstruct.rapier":1,"stat.drop.minecraft.rotten_flesh":3,"stat.useItem.minecraft.cobblestone":34,"stat.craftItem.minecraft.crafting_table":5,"stat.pickup.minecraft.log":133,"stat.pickup.narutomod.shuriken":3,"stat.useItem.tconstruct.pickaxe":1028,"stat.pickup.minecraft.stone":39,"stat.drop.minecraft.planks":7,"stat.craftItem.minecraft.iron_chestplate":1,"stat.killEntity.Skeleton":9,"stat.pickup.tconstruct.broadsword":1,"stat.craftItem.minecraft.bucket":2,"stat.craftItem.minecraft.planks":460,"stat.mineBlock.tconstruct.slime_grass":34,"stat.pickup.narutomod.scroll_lightning_beast":1,"stat.mobKills":48,"stat.mineBlock.minecraft.log":127,"stat.pickup.minecraft.diamond":3,"stat.mineBlock.minecraft.piston":5,"stat.pickup.minecraft.torch":9,"stat.mineBlock.minecraft.redstone_ore":63,"stat.sneakTime":7351,"stat.entityKilledBy.ninjabandit":4,"stat.mineBlock.minecraft.stone":698,"stat.useItem.tconstruct.hatchet":357}