{"stat.entityKilledBy.iwa_rogue":1,"stat.pickup.minecraft.bone":4,"stat.leaveGame":3,"stat.pickup.tconstruct.longsword":1,"stat.mineBlock.minecraft.cobblestone":1,"stat.pickup.minecraft.flint":37,"stat.swimOneCm":32634,"stat.climbOneCm":3285,"stat.drop.minecraft.cobblestone":25,"stat.pickup.minecraft.cooked_porkchop":3,"stat.pickup.minecraft.porkchop":5,"stat.useItem.minecraft.stone_slab2":26,"stat.pickup.minecraft.rotten_flesh":22,"stat.pickup.minecraft.sand":57,"stat.craftItem.minecraft.furnace":8,"stat.craftItem.minecraft.iron_boots":1,"stat.pickup.minecraft.cobblestone":492,"stat.flyOneCm":67940,"stat.mineBlock.minecraft.sand":52,"stat.pickup.minecraft.redstone":188,"stat.mineBlock.minecraft.iron_ore":28,"stat.timeSinceDeath":8760,"stat.furnaceInteraction":28,"stat.useItem.minecraft.cooked_porkchop":3,"stat.mineBlock.minecraft.coal_ore":100,"stat.talkedToVillager":1,"stat.pickup.narutomod.ryo_100":4,"stat.entityKilledBy.Skeleton":1,"stat.craftItem.minecraft.stone_slab2":1,"stat.craftItem.tconstruct.tooltables":10,"stat.sprintOneCm":74175,"stat.craftItem.minecraft.stick":24,"stat.pickup.narutomod.scroll_puppet":1,"stat.drop.tconstruct.broadsword":1,"stat.entityKilledBy.Creeper":1,"stat.mineBlock.minecraft.planks":2,"stat.deaths":9,"stat.drop":6,"stat.playOneMinute":58990,"stat.killEntity.Zombie":3,"stat.drop.minecraft.iron_ingot":9,"stat.mineBlock.minecraft.tallgrass":1,"stat.diveOneCm":11591,"stat.chestOpened":13,"stat.pickup.tconstruct.tooltables":10,"stat.useItem.minecraft.stone":1,"stat.pickup.minecraft.gravel":378,"stat.pickup.minecraft.arrow":2,"stat.pickup.narutomod.katon":1,"stat.craftItem.minecraft.cooked_porkchop":2,"stat.pickup.narutomod.ninjutsu":1,"stat.killEntity.ninjabandit":6,"stat.craftItem.minecraft.flint":113,"stat.useItem.tconstruct.rapier":1,"stat.drop.tconstruct.longsword":1,"stat.jump":556,"stat.useItem.minecraft.sand":3,"stat.pickup.minecraft.coal":100,"stat.fallOneCm":7952,"stat.pickup.minecraft.iron_ingot":9,"stat.drop.tconstruct.pattern":1,"stat.crouchOneCm":10686,"stat.craftItem.minecraft.torch":32,"stat.craftItem.minecraft.chest":1,"stat.craftItem.minecraft.iron_ingot":18,"stat.pickup.minecraft.dirt":8,"stat.pickup.minecraft.iron_ore":28,"stat.craftingTableInteraction":6,"stat.mineBlock.minecraft.lapis_ore":8,"stat.mineBlock.tconstruct.tooltables":9,"stat.craftItem.tconstruct.pattern":45,"stat.damageTaken":3287,"stat.mineBlock.minecraft.torch":3,"stat.useItem.minecraft.furnace":7,"stat.craftItem.narutomod.samurai_armorbody":1,"stat.pickup.minecraft.dye":42,"stat.pickup.minecraft.planks":2,"stat.entityKilledBy.Zombie":1,"stat.mineBlock.minecraft.gravel":411,"stat.damageDealt":2680,"stat.mineBlock.minecraft.dirt":1,"stat.killEntity.Pig":2,"stat.useItem.tconstruct.shovel":463,"stat.walkOneCm":126496,"stat.useItem.minecraft.torch":24,"stat.pickup.tconstruct.rapier":1,"stat.drop.minecraft.rotten_flesh":1,"stat.useItem.minecraft.cobblestone":30,"stat.craftItem.minecraft.crafting_table":5,"stat.pickup.minecraft.log":34,"stat.pickup.narutomod.shuriken":3,"stat.useItem.tconstruct.pickaxe":626,"stat.pickup.minecraft.stone":10,"stat.craftItem.minecraft.iron_chestplate":1,"stat.killEntity.Skeleton":2,"stat.craftItem.minecraft.planks":124,"stat.mobKills":14,"stat.mineBlock.minecraft.log":28,"stat.pickup.minecraft.diamond":3,"stat.pickup.minecraft.torch":7,"stat.mineBlock.minecraft.redstone_ore":35,"stat.sneakTime":2462,"stat.entityKilledBy.ninjabandit":4,"stat.mineBlock.minecraft.stone":453,"stat.useItem.tconstruct.hatchet":32}