{"stat.useItem.minecraft.bow":33,"stat.entityKilledBy.iwa_rogue":1,"stat.pickup.minecraft.bone":8,"stat.leaveGame":5,"stat.pickup.tconstruct.longsword":2,"stat.mineBlock.minecraft.cobblestone":1,"stat.useItem.minecraft.log2":12,"stat.pickup.minecraft.flint":37,"stat.mineBlock.minecraft.yellow_flower":1,"stat.pickup.narutomod.doton":1,"stat.swimOneCm":39343,"stat.climbOneCm":7067,"stat.useItem.minecraft.planks":356,"stat.drop.minecraft.cobblestone":25,"stat.pickup.minecraft.cooked_porkchop":3,"stat.pickup.minecraft.porkchop":5,"stat.useItem.minecraft.dirt":6,"stat.useItem.minecraft.stone_slab2":40,"stat.pickup.minecraft.bow":1,"stat.pickup.minecraft.rotten_flesh":33,"stat.pickup.minecraft.sand":78,"stat.craftItem.minecraft.furnace":8,"stat.craftItem.minecraft.iron_boots":1,"stat.pickup.minecraft.cobblestone":694,"stat.flyOneCm":287059,"stat.mineBlock.minecraft.sand":57,"stat.pickup.minecraft.redstone":316,"stat.mineBlock.minecraft.iron_ore":43,"stat.timeSinceDeath":13328,"stat.pickup.tconstruct.slime_sapling":6,"stat.entityKilledBy.explosive_ninja":3,"stat.trappedChestTriggered":2,"stat.useItem.minecraft.potato":10,"stat.entityKilledBy.rogue_anbu":1,"stat.furnaceInteraction":39,"stat.useItem.minecraft.cooked_porkchop":5,"stat.mineBlock.minecraft.coal_ore":182,"stat.killEntity.Creeper":5,"stat.talkedToVillager":1,"stat.pickup.minecraft.string":2,"stat.pickup.minecraft.beef":2,"stat.pickup.minecraft.furnace":7,"stat.pickup.narutomod.ryo_100":4,"stat.entityKilledBy.Skeleton":3,"stat.craftItem.tconstruct.slime_boots":1,"stat.craftItem.minecraft.stone_slab2":3,"stat.craftItem.tconstruct.tooltables":10,"stat.sprintOneCm":305201,"stat.craftItem.minecraft.stick":28,"stat.pickup.narutomod.scroll_puppet":1,"stat.drop.minecraft.furnace":7,"stat.drop.tconstruct.broadsword":2,"stat.mineBlock.minecraft.crafting_table":1,"stat.pickup.tconstruct.slime_dirt":34,"stat.useItem.minecraft.carrot":12,"stat.entityKilledBy.Creeper":1,"stat.mineBlock.minecraft.planks":36,"stat.deaths":20,"stat.drop":12,"stat.playOneMinute":127886,"stat.pickup.minecraft.slime_ball":2,"stat.killEntity.Zombie":31,"stat.drop.minecraft.iron_ingot":9,"stat.mineBlock.minecraft.tallgrass":2,"stat.diveOneCm":20182,"stat.chestOpened":59,"stat.pickup.tconstruct.tooltables":11,"stat.useItem.minecraft.stone":1,"stat.pickup.minecraft.gravel":378,"stat.pickup.minecraft.arrow":21,"stat.pickup.narutomod.katon":1,"stat.craftItem.minecraft.cooked_porkchop":2,"stat.pickup.narutomod.ninjutsu":1,"stat.mineBlock.tconstruct.slime_leaves":225,"stat.killEntity.ninjabandit":7,"stat.craftItem.minecraft.flint":113,"stat.mineBlock.tconstruct.slime_dirt":3,"stat.useItem.tconstruct.rapier":2,"stat.drop.tconstruct.longsword":3,"stat.jump":1540,"stat.useItem.minecraft.sand":7,"stat.pickup.minecraft.coal":205,"stat.fallOneCm":13791,"stat.pickup.minecraft.iron_ingot":10,"stat.pickup.minecraft.carrot":14,"stat.drop.tconstruct.pattern":1,"stat.pickup.minecraft.gunpowder":4,"stat.entityKilledBy.CaveSpider":2,"stat.crouchOneCm":46523,"stat.pickup.minecraft.spider_eye":1,"stat.craftItem.minecraft.torch":32,"stat.craftItem.minecraft.chest":3,"stat.craftItem.minecraft.iron_ingot":31,"stat.pickup.minecraft.dirt":163,"stat.pickup.minecraft.iron_ore":43,"stat.craftingTableInteraction":12,"stat.pickup.tconstruct.slime_congealed":35,"stat.mineBlock.minecraft.lapis_ore":8,"stat.mineBlock.tconstruct.tooltables":10,"stat.craftItem.tconstruct.pattern":52,"stat.mineBlock.minecraft.log2":118,"stat.damageTaken":6327,"stat.mineBlock.minecraft.torch":4,"stat.mineBlock.minecraft.furnace":7,"stat.useItem.minecraft.furnace":7,"stat.useItem.tconstruct.kama":8,"stat.craftItem.narutomod.samurai_armorbody":1,"stat.pickup.minecraft.log2":118,"stat.pickup.narutomod.scroll_fire_stream":1,"stat.pickup.minecraft.dye":42,"stat.pickup.minecraft.planks":36,"stat.pickup.minecraft.reeds":19,"stat.killEntity.CaveSpider":8,"stat.pickup.minecraft.bed":1,"stat.pickup.minecraft.potato":26,"stat.entityKilledBy.Zombie":3,"stat.mineBlock.minecraft.gravel":411,"stat.craftItem.minecraft.iron_leggings":1,"stat.damageDealt":12820,"stat.killEntity.Cow":1,"stat.mineBlock.minecraft.dirt":96,"stat.killEntity.Pig":2,"stat.pickup.minecraft.piston":6,"stat.useItem.tconstruct.shovel":630,"stat.walkOneCm":401979,"stat.useItem.minecraft.torch":36,"stat.useItem.minecraft.chest":1,"stat.pickup.tconstruct.rapier":1,"stat.drop.minecraft.rotten_flesh":3,"stat.useItem.minecraft.log":14,"stat.pickup.minecraft.crafting_table":1,"stat.useItem.minecraft.cobblestone":34,"stat.craftItem.minecraft.crafting_table":6,"stat.pickup.minecraft.log":144,"stat.pickup.narutomod.shuriken":3,"stat.useItem.tconstruct.pickaxe":1033,"stat.pickup.minecraft.stone":39,"stat.drop.minecraft.planks":7,"stat.craftItem.minecraft.iron_chestplate":1,"stat.pickup.narutomod.bakuton":1,"stat.killEntity.Skeleton":18,"stat.pickup.tconstruct.broadsword":1,"stat.craftItem.minecraft.bucket":2,"stat.craftItem.minecraft.planks":568,"stat.mineBlock.tconstruct.slime_grass":34,"stat.pickup.narutomod.scroll_lightning_beast":1,"stat.mobKills":79,"stat.mineBlock.minecraft.log":138,"stat.craftItem.minecraft.wooden_door":3,"stat.useItem.minecraft.wooden_door":2,"stat.pickup.minecraft.diamond":3,"stat.mineBlock.minecraft.piston":5,"stat.pickup.minecraft.torch":9,"stat.mineBlock.minecraft.redstone_ore":63,"stat.sneakTime":8226,"stat.entityKilledBy.ninjabandit":4,"stat.pickup.minecraft.yellow_flower":2,"stat.mineBlock.minecraft.stone":698,"stat.useItem.tconstruct.hatchet":522}