{"stat.pickup.minecraft.sand":3,"stat.walkOneCm":8090,"stat.craftItem.minecraft.planks":72,"stat.craftItem.tconstruct.pattern":25,"stat.damageTaken":20,"stat.craftItem.minecraft.crafting_table":2,"stat.mineBlock.minecraft.log":28,"stat.talkedToVillager":1,"stat.pickup.minecraft.planks":2,"stat.pickup.minecraft.log":28,"stat.flyOneCm":8717,"stat.mineBlock.minecraft.planks":2,"stat.jump":50,"stat.mineBlock.minecraft.sand":1,"stat.useItem.minecraft.sand":2,"stat.swimOneCm":23084,"stat.playOneMinute":8989,"stat.fallOneCm":1436,"stat.sneakTime":177,"stat.damageDealt":10,"stat.crouchOneCm":292,"stat.timeSinceDeath":8989,"stat.craftItem.tconstruct.tooltables":4,"stat.sprintOneCm":4948,"stat.useItem.minecraft.stone_slab2":5,"stat.mineBlock.minecraft.tallgrass":1,"stat.diveOneCm":1888,"stat.useItem.tconstruct.hatchet":23,"stat.craftItem.minecraft.stick":8}