{"stat.entityKilledBy.iwa_rogue":1,"stat.leaveGame":3,"stat.pickup.tconstruct.longsword":1,"stat.mineBlock.minecraft.cobblestone":1,"stat.pickup.minecraft.flint":37,"stat.swimOneCm":32634,"stat.climbOneCm":3285,"stat.drop.minecraft.cobblestone":25,"stat.pickup.minecraft.cooked_porkchop":3,"stat.useItem.minecraft.stone_slab2":25,"stat.pickup.minecraft.rotten_flesh":20,"stat.pickup.minecraft.sand":57,"stat.craftItem.minecraft.furnace":8,"stat.pickup.minecraft.cobblestone":416,"stat.flyOneCm":49682,"stat.mineBlock.minecraft.sand":52,"stat.pickup.minecraft.redstone":30,"stat.mineBlock.minecraft.iron_ore":18,"stat.timeSinceDeath":13447,"stat.furnaceInteraction":3,"stat.useItem.minecraft.cooked_porkchop":3,"stat.mineBlock.minecraft.coal_ore":79,"stat.talkedToVillager":1,"stat.pickup.narutomod.ryo_100":4,"stat.entityKilledBy.Skeleton":1,"stat.craftItem.minecraft.stone_slab2":1,"stat.craftItem.tconstruct.tooltables":9,"stat.sprintOneCm":49154,"stat.craftItem.minecraft.stick":20,"stat.pickup.narutomod.scroll_puppet":1,"stat.drop.tconstruct.broadsword":1,"stat.mineBlock.minecraft.planks":2,"stat.deaths":8,"stat.drop":5,"stat.playOneMinute":47290,"stat.killEntity.Zombie":2,"stat.drop.minecraft.iron_ingot":9,"stat.mineBlock.minecraft.tallgrass":1,"stat.diveOneCm":11591,"stat.chestOpened":3,"stat.pickup.tconstruct.tooltables":9,"stat.useItem.minecraft.stone":1,"stat.pickup.minecraft.gravel":378,"stat.pickup.narutomod.katon":1,"stat.pickup.narutomod.ninjutsu":1,"stat.killEntity.ninjabandit":6,"stat.craftItem.minecraft.flint":113,"stat.useItem.tconstruct.rapier":1,"stat.drop.tconstruct.longsword":1,"stat.jump":406,"stat.useItem.minecraft.sand":3,"stat.pickup.minecraft.coal":79,"stat.fallOneCm":6138,"stat.pickup.minecraft.iron_ingot":9,"stat.crouchOneCm":6825,"stat.craftItem.minecraft.torch":32,"stat.craftItem.minecraft.chest":1,"stat.pickup.minecraft.dirt":8,"stat.pickup.minecraft.iron_ore":18,"stat.craftingTableInteraction":2,"stat.mineBlock.minecraft.lapis_ore":5,"stat.mineBlock.tconstruct.tooltables":8,"stat.craftItem.tconstruct.pattern":40,"stat.damageTaken":2975,"stat.mineBlock.minecraft.torch":2,"stat.useItem.minecraft.furnace":7,"stat.pickup.minecraft.dye":28,"stat.pickup.minecraft.planks":2,"stat.entityKilledBy.Zombie":1,"stat.mineBlock.minecraft.gravel":411,"stat.damageDealt":1859,"stat.mineBlock.minecraft.dirt":1,"stat.useItem.tconstruct.shovel":463,"stat.walkOneCm":97318,"stat.useItem.minecraft.torch":20,"stat.pickup.tconstruct.rapier":1,"stat.drop.minecraft.rotten_flesh":1,"stat.useItem.minecraft.cobblestone":13,"stat.craftItem.minecraft.crafting_table":4,"stat.pickup.minecraft.log":34,"stat.pickup.narutomod.shuriken":3,"stat.useItem.tconstruct.pickaxe":463,"stat.pickup.minecraft.stone":10,"stat.craftItem.minecraft.planks":124,"stat.mobKills":9,"stat.mineBlock.minecraft.log":28,"stat.pickup.minecraft.diamond":3,"stat.pickup.minecraft.torch":6,"stat.sneakTime":1730,"stat.entityKilledBy.ninjabandit":4,"stat.mineBlock.minecraft.stone":359,"stat.useItem.tconstruct.hatchet":31}