{"stat.useItem.minecraft.bow":33,"stat.pickup.minecraft.wooden_slab":5,"stat.pickup.narutomod.scroll_karasu":2,"stat.mineBlock.tconstruct.seared_tank":3,"stat.leaveGame":12,"stat.pickup.tconstruct.longsword":2,"stat.useItem.tconstruct.wooden_hopper":1,"stat.drop.minecraft.gunpowder":1,"stat.useItem.minecraft.soul_sand":1,"stat.pickup.narutomod.doton":1,"stat.mineBlock.minecraft.sandstone":169,"stat.pickup.tconstruct.faucet":1,"stat.useItem.minecraft.planks":520,"stat.drop.tconstruct.pickaxe":2,"stat.mineBlock.minecraft.web":3,"stat.pickup.minecraft.golden_boots":1,"stat.craftItem.narutomod.ninja_armor_kumohelmet":2,"stat.pickup.minecraft.porkchop":5,"stat.useItem.minecraft.water_bucket":15,"stat.drop.minecraft.iron_sword":1,"stat.mineBlock.minecraft.stone_brick_stairs":4,"stat.pickup.minecraft.rotten_flesh":145,"stat.pickup.minecraft.sand":283,"stat.killEntity.Enderman":1,"stat.mineBlock.minecraft.wooden_slab":5,"stat.craftItem.tconstruct.casting":2,"stat.pickup.minecraft.chainmail_chestplate":1,"stat.mineBlock.minecraft.sand":264,"stat.killEntity.Witch":1,"stat.killEntity.MushroomCow":20,"stat.hopperInspected":2,"stat.pickup.tconstruct.slime_sapling":6,"stat.entityKilledBy.explosive_ninja":5,"stat.craftItem.minecraft.bed":2,"stat.trappedChestTriggered":10,"stat.entityKilledBy.rogue_anbu":2,"stat.furnaceInteraction":128,"stat.mineBlock.minecraft.dark_oak_stairs":7,"stat.killEntity.ZombieVillager":4,"stat.useItem.minecraft.dark_oak_stairs":78,"stat.drop.narutomod.ryo_100":4,"stat.drop.narutomod.team_scroll":1,"stat.pickup.minecraft.beef":80,"stat.pickup.minecraft.furnace":9,"stat.pickup.minecraft.leather_helmet":3,"stat.pickup.minecraft.iron_chestplate":3,"stat.drop.minecraft.furnace":7,"stat.mineBlock.tconstruct.ore":64,"stat.drop.tconstruct.broadsword":4,"stat.useItem.minecraft.dark_oak_door":4,"stat.pickup.narutomod.ryo_1000":4,"stat.pickup.minecraft.potion":1,"stat.useItem.minecraft.flint_and_steel":2,"stat.pickup.narutomod.scroll_hiding_in_ash":1,"stat.useItem.minecraft.pumpkin_pie":16,"stat.killEntity.Husk":4,"stat.pickup.tconstruct.slime_dirt":34,"stat.mineBlock.minecraft.soul_sand":2,"stat.deaths":44,"stat.useItem.tconstruct.smeltery_io":1,"stat.pickup.minecraft.egg":1,"stat.playOneMinute":402031,"stat.pickup.minecraft.iron_bars":31,"stat.drop.minecraft.iron_ingot":9,"stat.mineBlock.minecraft.tallgrass":8,"stat.craftItem.minecraft.cooked_mutton":2,"stat.pickup.minecraft.netherrack":33,"stat.pickup.tconstruct.seared":1,"stat.chestOpened":338,"stat.useItem.minecraft.stone":30,"stat.mineBlock.minecraft.netherrack":33,"stat.pickup.minecraft.arrow":43,"stat.pickup.minecraft.iron_sword":2,"stat.pickup.narutomod.katon":1,"stat.pickup.narutomod.ninjutsu":1,"stat.craftItem.minecraft.dark_oak_stairs":76,"stat.killEntity.Ghast":1,"stat.craftItem.minecraft.flint":113,"stat.entityKilledBy.edotensei_nagato":1,"stat.drop.tconstruct.longsword":3,"stat.mineBlock.tconstruct.faucet":1,"stat.pickup.tconstruct.cast_custom":1,"stat.fallOneCm":91015,"stat.pickup.minecraft.carrot":21,"stat.craftItem.tconstruct.wooden_hopper":2,"stat.crouchOneCm":87544,"stat.craftItem.tconstruct.toolforge":1,"stat.entityKilledBy.giant_dog_2h":1,"stat.mineBlock.minecraft.chest":2,"stat.craftItem.minecraft.chest":12,"stat.craftItem.minecraft.iron_ingot":69,"stat.pickup.minecraft.melon":28,"stat.craftingTableInteraction":47,"stat.craftItem.narutomod.ninja_armor_kumobody":2,"stat.craftItem.tconstruct.pattern":105,"stat.mineBlock.minecraft.log2":242,"stat.useItem.minecraft.furnace":8,"stat.craftItem.tconstruct.materials":272,"stat.pickup.narutomod.scroll_fire_stream":1,"stat.pickup.minecraft.dye":138,"stat.pickup.minecraft.planks":45,"stat.pickup.minecraft.iron_leggings":3,"stat.pickup.minecraft.wheat_seeds":3,"stat.mineBlock.minecraft.gravel":608,"stat.craftItem.tconstruct.seared_tank":2,"stat.craftItem.minecraft.iron_leggings":1,"stat.mineBlock.minecraft.dirt":213,"stat.pickup.minecraft.chainmail_boots":3,"stat.useItem.minecraft.iron_bars":12,"stat.pickup.tconstruct.pattern":5,"stat.useItem.minecraft.torch":202,"stat.pickup.tconstruct.rapier":1,"stat.drop.minecraft.rotten_flesh":3,"stat.useItem.minecraft.log":16,"stat.pickup.minecraft.crafting_table":1,"stat.useItem.ironfurnaces.iron_furnace_idle":1,"stat.useItem.minecraft.cobblestone":186,"stat.craftItem.minecraft.crafting_table":10,"stat.pickup.tconstruct.pickaxe":2,"stat.craftItem.narutomod.team_scroll":1,"stat.drop.narutomod.ninja_armor_kumohelmet":1,"stat.pickup.minecraft.log":157,"stat.useItem.minecraft.cooked_fish":6,"stat.drop.minecraft.stonebrick":2,"stat.pickup.narutomod.shuriken":6,"stat.pickup.minecraft.iron_pickaxe":1,"stat.useItem.tconstruct.pickaxe":2791,"stat.drop.minecraft.carrot":1,"stat.craftItem.usefulbackpacks.backpack":10,"stat.drop.minecraft.planks":7,"stat.pickup.minecraft.chainmail_leggings":4,"stat.pickup.minecraft.sapling":2,"stat.pickup.minecraft.wooden_door":2,"stat.craftItem.tconstruct.smeltery_controller":1,"stat.drop.minecraft.bow":1,"stat.craftItem.narutomod.samurai_armorlegs":1,"stat.pickup.tconstruct.broadsword":3,"stat.craftItem.minecraft.bucket":2,"stat.craftItem.minecraft.planks":908,"stat.mineBlock.tconstruct.slime_grass":34,"stat.killEntity.WitherSkeleton":2,"stat.useItem.minecraft.stonebrick":3,"stat.mineBlock.minecraft.log":145,"stat.craftItem.minecraft.wooden_door":3,"stat.useItem.minecraft.wooden_door":2,"stat.craftItem.minecraft.paper":36,"stat.sneakTime":20007,"stat.pickup.minecraft.wool":64,"stat.useItem.minecraft.baked_potato":42,"stat.useItem.rerollthingy.mysteriousfruit":2,"stat.pickup.minecraft.cooked_fish":1,"stat.pickup.minecraft.stone_slab":1,"stat.pickup.minecraft.yellow_flower":3,"stat.pickup.rerollthingy.mysteriousfruit":2,"stat.pickup.minecraft.chest":2,"stat.craftItem.minecraft.leather_leggings":2,"stat.entityKilledBy.iwa_rogue":4,"stat.pickup.minecraft.bone":26,"stat.mineBlock.minecraft.cobblestone":8,"stat.useItem.minecraft.log2":67,"stat.craftItem.tconstruct.edible":24,"stat.pickup.minecraft.flint":46,"stat.mineBlock.minecraft.yellow_flower":1,"stat.craftItem.tconstruct.faucet":3,"stat.pickup.minecraft.leather_chestplate":7,"stat.craftItem.minecraft.wool":5,"stat.craftItem.tconstruct.slimesling":1,"stat.swimOneCm":60119,"stat.climbOneCm":9930,"stat.killEntity.iwa_rogue":2,"stat.pickup.minecraft.enchanted_book":1,"stat.drop.minecraft.cobblestone":25,"stat.pickup.minecraft.cooked_porkchop":3,"stat.useItem.minecraft.obsidian":9,"stat.useItem.minecraft.dirt":50,"stat.useItem.minecraft.stone_slab2":148,"stat.pickup.minecraft.bow":3,"stat.craftItem.minecraft.dark_oak_door":6,"stat.craftItem.minecraft.furnace":10,"stat.pickup.minecraft.enchanting_table":1,"stat.useItem.minecraft.egg":1,"stat.craftItem.minecraft.iron_boots":1,"stat.killEntity.explosive_ninja":1,"stat.craftItem.minecraft.cooked_beef":22,"stat.mineBlock.minecraft.obsidian":66,"stat.pickup.minecraft.cobblestone":1405,"stat.entityKilledBy.kimimaro":1,"stat.mineBlock.minecraft.clay":34,"stat.flyOneCm":932207,"stat.pickup.minecraft.soul_sand":2,"stat.pickup.minecraft.sandstone":212,"stat.craftItem.narutomod.uchihaboots":1,"stat.pickup.narutomod.kunai":7,"stat.drop.minecraft.wheat_seeds":2,"stat.useItem.minecraft.cooked_beef":16,"stat.craftItem.minecraft.wooden_slab":48,"stat.pickup.minecraft.redstone":385,"stat.mineBlock.minecraft.iron_ore":106,"stat.craftItem.minecraft.book":2,"stat.timeSinceDeath":14223,"stat.useItem.minecraft.wooden_slab":28,"stat.pickup.minecraft.mutton":10,"stat.useItem.minecraft.potato":10,"stat.pickup.minecraft.chainmail_helmet":4,"stat.pickup.minecraft.dark_oak_door":1,"stat.craftItem.tconstruct.seared":55,"stat.pickup.minecraft.nether_wart":1,"stat.pickup.minecraft.stonebrick":14,"stat.mineBlock.minecraft.enchanting_table":1,"stat.useItem.minecraft.cooked_porkchop":5,"stat.useItem.tconstruct.rack":4,"stat.pickup.minecraft.diamond_shovel":1,"stat.mineBlock.minecraft.coal_ore":382,"stat.killEntity.Creeper":12,"stat.pickup.minecraft.shield":3,"stat.talkedToVillager":1,"stat.craftItem.tconstruct.soil":272,"stat.pickup.minecraft.string":12,"stat.useItem.tconstruct.edible":1,"stat.pickup.narutomod.ryo_100":29,"stat.entityKilledBy.Skeleton":4,"stat.craftItem.tconstruct.slime_boots":1,"stat.craftItem.minecraft.stone_slab2":3,"stat.craftItem.tconstruct.tooltables":17,"stat.killEntity.Squid":3,"stat.sprintOneCm":1036390,"stat.mineBlock.minecraft.stone_slab":2,"stat.craftItem.minecraft.stick":72,"stat.pickup.narutomod.scroll_puppet":1,"stat.mineBlock.minecraft.diamond_ore":5,"stat.mineBlock.minecraft.crafting_table":1,"stat.mineBlock.minecraft.quartz_block":20,"stat.useItem.minecraft.carrot":16,"stat.pickup.minecraft.leather_leggings":3,"stat.entityKilledBy.Creeper":1,"stat.useItem.tconstruct.seared_tank":3,"stat.mineBlock.minecraft.planks":45,"stat.drop":26,"stat.craftItem.minecraft.leather_chestplate":3,"stat.killEntity.Sheep":8,"stat.pickup.tconstruct.ore":64,"stat.useItem.tconstruct.seared":45,"stat.pickup.minecraft.slime_ball":2,"stat.killEntity.Zombie":112,"stat.craftItem.minecraft.dye":1,"stat.mineBlock.minecraft.gold_ore":11,"stat.diveOneCm":79417,"stat.craftItem.minecraft.slime_ball":52,"stat.pickup.tconstruct.tooltables":19,"stat.craftItem.ironfurnaces.iron_furnace_idle":2,"stat.pickup.minecraft.gravel":556,"stat.craftItem.minecraft.cooked_porkchop":50,"stat.pickup.narutomod.scroll_water_shockwave":1,"stat.mineBlock.tconstruct.slime_leaves":225,"stat.killEntity.ninjabandit":17,"stat.pickup.minecraft.obsidian":66,"stat.entityKilledBy.yakushi_kabuto":2,"stat.drop.narutomod.ryo_1000":4,"stat.mineBlock.tconstruct.slime_dirt":3,"stat.useItem.tconstruct.rapier":12,"stat.useItem.minecraft.potion":1,"stat.pickup.minecraft.stone_brick_stairs":3,"stat.jump":4082,"stat.useItem.minecraft.sand":7,"stat.craftItem.tconstruct.rack":6,"stat.pickup.minecraft.coal":576,"stat.pickup.minecraft.iron_helmet":4,"stat.pickup.minecraft.iron_ingot":13,"stat.useItem.tconstruct.tooltables":1,"stat.pickup.tconstruct.seared_tank":3,"stat.drop.tconstruct.pattern":1,"stat.pickup.minecraft.gunpowder":13,"stat.entityKilledBy.CaveSpider":2,"stat.pickup.minecraft.spider_eye":6,"stat.craftItem.minecraft.torch":96,"stat.pickup.minecraft.dirt":290,"stat.craftItem.tconstruct.book":1,"stat.useItem.minecraft.cooked_chicken":1,"stat.pickup.minecraft.iron_ore":106,"stat.pickup.tconstruct.slime_congealed":35,"stat.pickup.minecraft.gold_ore":11,"stat.mineBlock.minecraft.iron_bars":34,"stat.mineBlock.minecraft.lapis_ore":20,"stat.craftItem.minecraft.flint_and_steel":1,"stat.mineBlock.tconstruct.tooltables":18,"stat.pickup.minecraft.iron_axe":1,"stat.mineBlock.minecraft.glass_pane":1,"stat.damageTaken":21455,"stat.pickup.minecraft.leather":46,"stat.useItem.minecraft.stone_brick_stairs":2,"stat.mineBlock.minecraft.torch":6,"stat.mineBlock.minecraft.furnace":9,"stat.mineBlock.minecraft.melon_block":6,"stat.useItem.tconstruct.kama":8,"stat.craftItem.narutomod.samurai_armorbody":1,"stat.pickup.minecraft.log2":249,"stat.mineBlock.rerollthingy.mysteriousplanttop":1,"stat.pickup.minecraft.reeds":56,"stat.killEntity.CaveSpider":8,"stat.pickup.minecraft.bed":5,"stat.pickup.narutomod.scroll_sanshouo":1,"stat.pickup.minecraft.quartz_block":19,"stat.pickup.minecraft.potato":26,"stat.pickup.tconstruct.materials":3,"stat.entityKilledBy.Zombie":3,"stat.killEntity.snake_summon":1,"stat.damageDealt":52686,"stat.craftItem.minecraft.glass":27,"stat.sleepInBed":4,"stat.craftItem.minecraft.baked_potato":80,"stat.killEntity.Cow":25,"stat.killEntity.Pig":2,"stat.pickup.minecraft.piston":6,"stat.useItem.tconstruct.shovel":1178,"stat.walkOneCm":1375442,"stat.useItem.minecraft.chest":4,"stat.craftItem.tconstruct.smeltery_io":2,"stat.playerKills":1,"stat.pickup.minecraft.stick":2,"stat.pickup.minecraft.clay_ball":136,"stat.killEntity.rogue_ninja":8,"stat.pickup.minecraft.stone":147,"stat.craftItem.minecraft.iron_chestplate":1,"stat.pickup.narutomod.bakuton":1,"stat.mineBlock.minecraft.wool":55,"stat.pickup.minecraft.ender_pearl":1,"stat.craftItem.narutomod.ninja_armor_kumolegs":2,"stat.useItem.minecraft.netherrack":21,"stat.killEntity.Skeleton":45,"stat.mineBlock.minecraft.stonebrick":16,"stat.killEntity.Spider":6,"stat.mineBlock.minecraft.quartz_ore":170,"stat.pickup.narutomod.scroll_lightning_beast":1,"stat.pickup.minecraft.dark_oak_stairs":9,"stat.mobKills":293,"stat.pickup.minecraft.quartz":230,"stat.pickup.minecraft.diamond":9,"stat.mineBlock.minecraft.piston":5,"stat.pickup.minecraft.torch":76,"stat.mineBlock.tconstruct.seared":1,"stat.mineBlock.minecraft.redstone_ore":77,"stat.entityKilledBy.ninjabandit":4,"stat.craftItem.narutomod.steam_armorhelmet":1,"stat.mineBlock.minecraft.stone":1498,"stat.useItem.tconstruct.hatchet":708}