{"stat.useItem.minecraft.bow":33,"stat.pickup.minecraft.wooden_slab":5,"stat.pickup.narutomod.scroll_karasu":1,"stat.leaveGame":6,"stat.pickup.tconstruct.longsword":2,"stat.pickup.narutomod.doton":1,"stat.useItem.minecraft.planks":462,"stat.pickup.minecraft.porkchop":5,"stat.pickup.minecraft.rotten_flesh":33,"stat.pickup.minecraft.sand":78,"stat.mineBlock.minecraft.wooden_slab":5,"stat.mineBlock.minecraft.sand":57,"stat.pickup.tconstruct.slime_sapling":6,"stat.entityKilledBy.explosive_ninja":3,"stat.craftItem.minecraft.bed":2,"stat.trappedChestTriggered":2,"stat.entityKilledBy.rogue_anbu":1,"stat.furnaceInteraction":66,"stat.mineBlock.minecraft.dark_oak_stairs":6,"stat.useItem.minecraft.dark_oak_stairs":75,"stat.pickup.minecraft.beef":8,"stat.pickup.minecraft.furnace":7,"stat.drop.minecraft.furnace":7,"stat.drop.tconstruct.broadsword":2,"stat.useItem.minecraft.dark_oak_door":4,"stat.pickup.tconstruct.slime_dirt":34,"stat.deaths":20,"stat.playOneMinute":163340,"stat.drop.minecraft.iron_ingot":9,"stat.mineBlock.minecraft.tallgrass":3,"stat.chestOpened":82,"stat.useItem.minecraft.stone":1,"stat.pickup.minecraft.arrow":21,"stat.pickup.narutomod.katon":1,"stat.pickup.narutomod.ninjutsu":1,"stat.craftItem.minecraft.dark_oak_stairs":72,"stat.craftItem.minecraft.flint":113,"stat.drop.tconstruct.longsword":3,"stat.fallOneCm":18904,"stat.pickup.minecraft.carrot":14,"stat.crouchOneCm":50452,"stat.craftItem.minecraft.chest":7,"stat.craftItem.minecraft.iron_ingot":60,"stat.craftingTableInteraction":28,"stat.craftItem.tconstruct.pattern":77,"stat.mineBlock.minecraft.log2":156,"stat.useItem.minecraft.furnace":8,"stat.pickup.narutomod.scroll_fire_stream":1,"stat.pickup.minecraft.dye":42,"stat.pickup.minecraft.planks":43,"stat.mineBlock.minecraft.gravel":411,"stat.craftItem.minecraft.iron_leggings":1,"stat.mineBlock.minecraft.dirt":150,"stat.pickup.tconstruct.pattern":5,"stat.useItem.minecraft.torch":72,"stat.pickup.tconstruct.rapier":1,"stat.drop.minecraft.rotten_flesh":3,"stat.useItem.minecraft.log":14,"stat.pickup.minecraft.crafting_table":1,"stat.useItem.minecraft.cobblestone":44,"stat.craftItem.minecraft.crafting_table":8,"stat.pickup.minecraft.log":148,"stat.pickup.narutomod.shuriken":3,"stat.useItem.tconstruct.pickaxe":1503,"stat.drop.minecraft.planks":7,"stat.pickup.minecraft.wooden_door":2,"stat.pickup.tconstruct.broadsword":1,"stat.craftItem.minecraft.bucket":2,"stat.craftItem.minecraft.planks":768,"stat.mineBlock.tconstruct.slime_grass":34,"stat.mineBlock.minecraft.log":142,"stat.craftItem.minecraft.wooden_door":3,"stat.useItem.minecraft.wooden_door":2,"stat.sneakTime":9184,"stat.useItem.minecraft.baked_potato":3,"stat.pickup.minecraft.yellow_flower":2,"stat.entityKilledBy.iwa_rogue":1,"stat.pickup.minecraft.bone":8,"stat.mineBlock.minecraft.cobblestone":2,"stat.useItem.minecraft.log2":44,"stat.craftItem.tconstruct.edible":4,"stat.pickup.minecraft.flint":37,"stat.mineBlock.minecraft.yellow_flower":1,"stat.craftItem.minecraft.wool":3,"stat.craftItem.tconstruct.slimesling":1,"stat.swimOneCm":39343,"stat.climbOneCm":7067,"stat.drop.minecraft.cobblestone":25,"stat.pickup.minecraft.cooked_porkchop":3,"stat.useItem.minecraft.dirt":26,"stat.useItem.minecraft.stone_slab2":63,"stat.pickup.minecraft.bow":1,"stat.craftItem.minecraft.dark_oak_door":6,"stat.craftItem.minecraft.furnace":10,"stat.craftItem.minecraft.iron_boots":1,"stat.craftItem.minecraft.cooked_beef":8,"stat.pickup.minecraft.cobblestone":970,"stat.flyOneCm":304129,"stat.useItem.minecraft.cooked_beef":2,"stat.craftItem.minecraft.wooden_slab":24,"stat.pickup.minecraft.redstone":316,"stat.mineBlock.minecraft.iron_ore":72,"stat.timeSinceDeath":48782,"stat.useItem.minecraft.wooden_slab":28,"stat.useItem.minecraft.potato":10,"stat.useItem.minecraft.cooked_porkchop":5,"stat.mineBlock.minecraft.coal_ore":332,"stat.killEntity.Creeper":5,"stat.talkedToVillager":1,"stat.pickup.minecraft.string":2,"stat.pickup.narutomod.ryo_100":9,"stat.entityKilledBy.Skeleton":3,"stat.craftItem.tconstruct.slime_boots":1,"stat.craftItem.minecraft.stone_slab2":3,"stat.craftItem.tconstruct.tooltables":15,"stat.sprintOneCm":321034,"stat.craftItem.minecraft.stick":56,"stat.pickup.narutomod.scroll_puppet":1,"stat.mineBlock.minecraft.crafting_table":1,"stat.useItem.minecraft.carrot":12,"stat.entityKilledBy.Creeper":1,"stat.mineBlock.minecraft.planks":43,"stat.drop":12,"stat.pickup.minecraft.slime_ball":2,"stat.killEntity.Zombie":31,"stat.craftItem.minecraft.dye":1,"stat.diveOneCm":20182,"stat.pickup.tconstruct.tooltables":17,"stat.pickup.minecraft.gravel":378,"stat.craftItem.minecraft.cooked_porkchop":2,"stat.mineBlock.tconstruct.slime_leaves":225,"stat.killEntity.ninjabandit":8,"stat.mineBlock.tconstruct.slime_dirt":3,"stat.useItem.tconstruct.rapier":2,"stat.jump":1753,"stat.useItem.minecraft.sand":7,"stat.pickup.minecraft.coal":402,"stat.pickup.minecraft.iron_ingot":10,"stat.useItem.tconstruct.tooltables":1,"stat.drop.tconstruct.pattern":1,"stat.pickup.minecraft.gunpowder":4,"stat.entityKilledBy.CaveSpider":2,"stat.pickup.minecraft.spider_eye":1,"stat.craftItem.minecraft.torch":96,"stat.pickup.minecraft.dirt":217,"stat.pickup.minecraft.iron_ore":72,"stat.pickup.tconstruct.slime_congealed":35,"stat.mineBlock.minecraft.lapis_ore":8,"stat.mineBlock.tconstruct.tooltables":16,"stat.damageTaken":6557,"stat.pickup.minecraft.leather":2,"stat.mineBlock.minecraft.torch":6,"stat.mineBlock.minecraft.furnace":7,"stat.useItem.tconstruct.kama":8,"stat.craftItem.narutomod.samurai_armorbody":1,"stat.pickup.minecraft.log2":163,"stat.pickup.minecraft.reeds":19,"stat.killEntity.CaveSpider":8,"stat.pickup.minecraft.bed":3,"stat.pickup.minecraft.potato":26,"stat.entityKilledBy.Zombie":3,"stat.damageDealt":13284,"stat.sleepInBed":3,"stat.craftItem.minecraft.baked_potato":16,"stat.killEntity.Cow":4,"stat.killEntity.Pig":2,"stat.pickup.minecraft.piston":6,"stat.useItem.tconstruct.shovel":684,"stat.walkOneCm":557026,"stat.useItem.minecraft.chest":2,"stat.pickup.minecraft.stone":59,"stat.craftItem.minecraft.iron_chestplate":1,"stat.pickup.narutomod.bakuton":1,"stat.killEntity.Skeleton":18,"stat.pickup.narutomod.scroll_lightning_beast":1,"stat.pickup.minecraft.dark_oak_stairs":6,"stat.mobKills":83,"stat.pickup.minecraft.diamond":3,"stat.mineBlock.minecraft.piston":5,"stat.pickup.minecraft.torch":75,"stat.mineBlock.minecraft.redstone_ore":63,"stat.entityKilledBy.ninjabandit":4,"stat.craftItem.narutomod.steam_armorhelmet":1,"stat.mineBlock.minecraft.stone":987,"stat.useItem.tconstruct.hatchet":592}