{"stat.entityKilledBy.iwa_rogue":1,"stat.pickup.minecraft.bone":6,"stat.leaveGame":3,"stat.pickup.tconstruct.longsword":2,"stat.mineBlock.minecraft.cobblestone":1,"stat.pickup.minecraft.flint":37,"stat.swimOneCm":33384,"stat.climbOneCm":3285,"stat.drop.minecraft.cobblestone":25,"stat.pickup.minecraft.cooked_porkchop":3,"stat.pickup.minecraft.porkchop":5,"stat.useItem.minecraft.stone_slab2":27,"stat.pickup.minecraft.rotten_flesh":25,"stat.pickup.minecraft.sand":57,"stat.craftItem.minecraft.furnace":8,"stat.craftItem.minecraft.iron_boots":1,"stat.pickup.minecraft.cobblestone":694,"stat.flyOneCm":83310,"stat.mineBlock.minecraft.sand":52,"stat.pickup.minecraft.redstone":316,"stat.mineBlock.minecraft.iron_ore":43,"stat.timeSinceDeath":1363,"stat.furnaceInteraction":29,"stat.useItem.minecraft.cooked_porkchop":5,"stat.mineBlock.minecraft.coal_ore":182,"stat.killEntity.Creeper":1,"stat.talkedToVillager":1,"stat.pickup.narutomod.ryo_100":4,"stat.entityKilledBy.Skeleton":1,"stat.craftItem.minecraft.stone_slab2":2,"stat.craftItem.tconstruct.tooltables":10,"stat.sprintOneCm":95076,"stat.craftItem.minecraft.stick":24,"stat.pickup.narutomod.scroll_puppet":1,"stat.drop.tconstruct.broadsword":2,"stat.entityKilledBy.Creeper":1,"stat.mineBlock.minecraft.planks":2,"stat.deaths":10,"stat.drop":9,"stat.playOneMinute":69588,"stat.killEntity.Zombie":6,"stat.drop.minecraft.iron_ingot":9,"stat.mineBlock.minecraft.tallgrass":1,"stat.diveOneCm":11609,"stat.chestOpened":14,"stat.pickup.tconstruct.tooltables":10,"stat.useItem.minecraft.stone":1,"stat.pickup.minecraft.gravel":378,"stat.pickup.minecraft.arrow":4,"stat.pickup.narutomod.katon":1,"stat.craftItem.minecraft.cooked_porkchop":2,"stat.pickup.narutomod.ninjutsu":1,"stat.killEntity.ninjabandit":6,"stat.craftItem.minecraft.flint":113,"stat.useItem.tconstruct.rapier":1,"stat.drop.tconstruct.longsword":3,"stat.jump":647,"stat.useItem.minecraft.sand":3,"stat.pickup.minecraft.coal":143,"stat.fallOneCm":9554,"stat.pickup.minecraft.iron_ingot":9,"stat.pickup.minecraft.carrot":1,"stat.drop.tconstruct.pattern":1,"stat.pickup.minecraft.gunpowder":2,"stat.crouchOneCm":18760,"stat.craftItem.minecraft.torch":32,"stat.craftItem.minecraft.chest":1,"stat.craftItem.minecraft.iron_ingot":28,"stat.pickup.minecraft.dirt":15,"stat.pickup.minecraft.iron_ore":43,"stat.craftingTableInteraction":6,"stat.mineBlock.minecraft.lapis_ore":8,"stat.mineBlock.tconstruct.tooltables":9,"stat.craftItem.tconstruct.pattern":45,"stat.damageTaken":3720,"stat.mineBlock.minecraft.torch":4,"stat.useItem.minecraft.furnace":7,"stat.craftItem.narutomod.samurai_armorbody":1,"stat.pickup.narutomod.scroll_fire_stream":1,"stat.pickup.minecraft.dye":42,"stat.pickup.minecraft.planks":2,"stat.entityKilledBy.Zombie":1,"stat.mineBlock.minecraft.gravel":411,"stat.damageDealt":4050,"stat.mineBlock.minecraft.dirt":14,"stat.killEntity.Pig":2,"stat.useItem.tconstruct.shovel":475,"stat.walkOneCm":158752,"stat.useItem.minecraft.torch":36,"stat.pickup.tconstruct.rapier":1,"stat.drop.minecraft.rotten_flesh":1,"stat.useItem.minecraft.cobblestone":34,"stat.craftItem.minecraft.crafting_table":5,"stat.pickup.minecraft.log":34,"stat.pickup.narutomod.shuriken":3,"stat.useItem.tconstruct.pickaxe":998,"stat.pickup.minecraft.stone":39,"stat.craftItem.minecraft.iron_chestplate":1,"stat.killEntity.Skeleton":4,"stat.pickup.tconstruct.broadsword":1,"stat.craftItem.minecraft.planks":124,"stat.pickup.narutomod.scroll_lightning_beast":1,"stat.mobKills":21,"stat.mineBlock.minecraft.log":28,"stat.pickup.minecraft.diamond":3,"stat.pickup.minecraft.torch":8,"stat.mineBlock.minecraft.redstone_ore":63,"stat.sneakTime":3799,"stat.entityKilledBy.ninjabandit":4,"stat.mineBlock.minecraft.stone":698,"stat.useItem.tconstruct.hatchet":32}