{"stat.entityKilledBy.iwa_rogue":1,"stat.pickup.minecraft.bone":6,"stat.leaveGame":4,"stat.pickup.tconstruct.longsword":2,"stat.mineBlock.minecraft.cobblestone":1,"stat.pickup.minecraft.flint":37,"stat.swimOneCm":35425,"stat.climbOneCm":6930,"stat.useItem.minecraft.planks":1,"stat.drop.minecraft.cobblestone":25,"stat.pickup.minecraft.cooked_porkchop":3,"stat.pickup.minecraft.porkchop":5,"stat.useItem.minecraft.dirt":6,"stat.useItem.minecraft.stone_slab2":28,"stat.pickup.minecraft.rotten_flesh":25,"stat.pickup.minecraft.sand":78,"stat.craftItem.minecraft.furnace":8,"stat.craftItem.minecraft.iron_boots":1,"stat.pickup.minecraft.cobblestone":694,"stat.flyOneCm":107087,"stat.mineBlock.minecraft.sand":57,"stat.pickup.minecraft.redstone":316,"stat.mineBlock.minecraft.iron_ore":43,"stat.timeSinceDeath":4587,"stat.entityKilledBy.explosive_ninja":3,"stat.furnaceInteraction":37,"stat.useItem.minecraft.cooked_porkchop":5,"stat.mineBlock.minecraft.coal_ore":182,"stat.killEntity.Creeper":1,"stat.talkedToVillager":1,"stat.pickup.minecraft.furnace":7,"stat.pickup.narutomod.ryo_100":4,"stat.entityKilledBy.Skeleton":1,"stat.craftItem.minecraft.stone_slab2":3,"stat.craftItem.tconstruct.tooltables":10,"stat.sprintOneCm":145464,"stat.craftItem.minecraft.stick":28,"stat.pickup.narutomod.scroll_puppet":1,"stat.drop.tconstruct.broadsword":2,"stat.useItem.minecraft.carrot":8,"stat.entityKilledBy.Creeper":1,"stat.mineBlock.minecraft.planks":2,"stat.deaths":13,"stat.drop":9,"stat.playOneMinute":80785,"stat.killEntity.Zombie":6,"stat.drop.minecraft.iron_ingot":9,"stat.mineBlock.minecraft.tallgrass":1,"stat.diveOneCm":13706,"stat.chestOpened":23,"stat.pickup.tconstruct.tooltables":10,"stat.useItem.minecraft.stone":1,"stat.pickup.minecraft.gravel":378,"stat.pickup.minecraft.arrow":4,"stat.pickup.narutomod.katon":1,"stat.craftItem.minecraft.cooked_porkchop":2,"stat.pickup.narutomod.ninjutsu":1,"stat.killEntity.ninjabandit":6,"stat.craftItem.minecraft.flint":113,"stat.useItem.tconstruct.rapier":1,"stat.drop.tconstruct.longsword":3,"stat.jump":759,"stat.useItem.minecraft.sand":3,"stat.pickup.minecraft.coal":205,"stat.fallOneCm":10442,"stat.pickup.minecraft.iron_ingot":9,"stat.pickup.minecraft.carrot":14,"stat.drop.tconstruct.pattern":1,"stat.pickup.minecraft.gunpowder":2,"stat.crouchOneCm":21184,"stat.craftItem.minecraft.torch":32,"stat.craftItem.minecraft.chest":1,"stat.craftItem.minecraft.iron_ingot":31,"stat.pickup.minecraft.dirt":41,"stat.pickup.minecraft.iron_ore":43,"stat.craftingTableInteraction":8,"stat.mineBlock.minecraft.lapis_ore":8,"stat.mineBlock.tconstruct.tooltables":9,"stat.craftItem.tconstruct.pattern":52,"stat.damageTaken":4474,"stat.mineBlock.minecraft.torch":4,"stat.mineBlock.minecraft.furnace":7,"stat.useItem.minecraft.furnace":7,"stat.craftItem.narutomod.samurai_armorbody":1,"stat.pickup.narutomod.scroll_fire_stream":1,"stat.pickup.minecraft.dye":42,"stat.pickup.minecraft.planks":2,"stat.pickup.minecraft.reeds":19,"stat.entityKilledBy.Zombie":1,"stat.mineBlock.minecraft.gravel":411,"stat.craftItem.minecraft.iron_leggings":1,"stat.damageDealt":4088,"stat.mineBlock.minecraft.dirt":35,"stat.killEntity.Pig":2,"stat.pickup.minecraft.piston":4,"stat.useItem.tconstruct.shovel":501,"stat.walkOneCm":187653,"stat.useItem.minecraft.torch":36,"stat.pickup.tconstruct.rapier":1,"stat.drop.minecraft.rotten_flesh":1,"stat.useItem.minecraft.cobblestone":34,"stat.craftItem.minecraft.crafting_table":5,"stat.pickup.minecraft.log":109,"stat.pickup.narutomod.shuriken":3,"stat.useItem.tconstruct.pickaxe":1009,"stat.pickup.minecraft.stone":39,"stat.craftItem.minecraft.iron_chestplate":1,"stat.killEntity.Skeleton":4,"stat.pickup.tconstruct.broadsword":1,"stat.craftItem.minecraft.bucket":2,"stat.craftItem.minecraft.planks":124,"stat.pickup.narutomod.scroll_lightning_beast":1,"stat.mobKills":21,"stat.mineBlock.minecraft.log":103,"stat.pickup.minecraft.diamond":3,"stat.mineBlock.minecraft.piston":3,"stat.pickup.minecraft.torch":9,"stat.mineBlock.minecraft.redstone_ore":63,"stat.sneakTime":4173,"stat.entityKilledBy.ninjabandit":4,"stat.mineBlock.minecraft.stone":698,"stat.useItem.tconstruct.hatchet":107}