{"stat.cakeSlicesEaten":1,"stat.pickup.minecraft.bone":43,"stat.pickup.minecraft.wooden_slab":3,"stat.useItem.minecraft.iron_axe":105,"stat.pickup.narutomod.military_rations_pill":7,"stat.leaveGame":2,"stat.mineBlock.minecraft.cobblestone":23,"stat.drop.tconstruct.slime_sapling":1,"stat.mineBlock.minecraft.yellow_flower":1,"stat.craftItem.minecraft.iron_axe":1,"stat.killEntity.PigZombie":1,"stat.swimOneCm":71190,"stat.useItem.minecraft.planks":149,"stat.climbOneCm":21893,"stat.pickup.minecraft.cooked_porkchop":3,"stat.pickup.minecraft.porkchop":3,"stat.useItem.minecraft.dirt":24,"stat.useItem.minecraft.stone_slab2":27,"stat.pickup.minecraft.iron_boots":1,"stat.mineBlock.minecraft.stone_brick_stairs":14,"stat.pickup.minecraft.rotten_flesh":54,"stat.mineBlock.tconstruct.slime_vine_purple_end":1,"stat.pickup.minecraft.sand":19,"stat.craftItem.minecraft.furnace":1,"stat.craftItem.minecraft.stone_axe":1,"stat.craftItem.minecraft.iron_boots":1,"stat.craftItem.minecraft.stone_pickaxe":1,"stat.pickup.minecraft.cobblestone":43,"stat.mineBlock.minecraft.wooden_slab":4,"stat.pickup.minecraft.leather_boots":3,"stat.entityKilledBy.kimimaro":1,"stat.pickup.minecraft.diamond_leggings":1,"stat.flyOneCm":551302,"stat.mineBlock.minecraft.sand":4,"stat.pickup.narutomod.kunai":16,"stat.drop.minecraft.wheat_seeds":2,"stat.craftItem.minecraft.wooden_slab":18,"stat.mineBlock.minecraft.iron_ore":30,"stat.timeSinceDeath":20956,"stat.pickup.tconstruct.slime_sapling":3,"stat.useItem.minecraft.iron_pickaxe":205,"stat.useItem.minecraft.wooden_slab":5,"stat.pickup.minecraft.mutton":46,"stat.pickup.minecraft.double_plant":1,"stat.killEntity.Bat":2,"stat.craftItem.minecraft.bed":1,"stat.trappedChestTriggered":10,"stat.killEntity.tenten":2,"stat.mineBlock.minecraft.vine":9,"stat.furnaceInteraction":18,"stat.killEntity.lava_ninja":3,"stat.useItem.minecraft.cooked_porkchop":3,"stat.killEntity.ZombieVillager":2,"stat.mineBlock.minecraft.coal_ore":19,"stat.mineBlock.minecraft.nether_brick":1,"stat.killEntity.Creeper":5,"stat.pickup.minecraft.shield":10,"stat.talkedToVillager":16,"stat.pickup.minecraft.nether_brick":1,"stat.pickup.minecraft.string":3,"stat.useItem.minecraft.cooked_mutton":8,"stat.pickup.minecraft.furnace":1,"stat.pickup.narutomod.ryo_100":86,"stat.craftItem.minecraft.stone_slab2":0,"stat.pickup.minecraft.hay_block":1,"stat.useItem.minecraft.written_book":1,"stat.pickup.minecraft.leather_helmet":2,"stat.killEntity.iruka_sensei":2,"stat.killEntity.Squid":1,"stat.sprintOneCm":226440,"stat.pickup.minecraft.iron_chestplate":2,"stat.mineBlock.minecraft.stone_slab":4,"stat.pickup.minecraft.skull":2,"stat.craftItem.minecraft.stick":16,"stat.pickup.narutomod.ryo_1000":8,"stat.mineBlock.minecraft.crafting_table":2,"stat.killEntity.Husk":2,"stat.mineBlock.minecraft.quartz_block":49,"stat.pickup.tconstruct.slime_dirt":18,"stat.pickup.minecraft.diamond_chestplate":1,"stat.pickup.minecraft.leather_leggings":1,"stat.mineBlock.minecraft.oak_stairs":1,"stat.deaths":79,"stat.mineBlock.minecraft.planks":60,"stat.drop":2,"stat.pickup.minecraft.egg":11,"stat.playOneMinute":217896,"stat.killEntity.Sheep":18,"stat.craftItem.minecraft.iron_pickaxe":1,"stat.killEntity.Zombie":74,"stat.pickup.minecraft.iron_bars":18,"stat.mineBlock.minecraft.tallgrass":102,"stat.craftItem.minecraft.cooked_mutton":8,"stat.diveOneCm":132008,"stat.pickup.minecraft.wheat":318,"stat.chestOpened":104,"stat.pickup.minecraft.arrow":88,"stat.pickup.narutomod.katon":1,"stat.killEntity.ninjabandit":60,"stat.killEntity.s_rank_missing_ninja":3,"stat.mineBlock.tconstruct.slime_dirt":11,"stat.useItem.minecraft.potion":6,"stat.useItem.minecraft.rotten_flesh":1,"stat.jump":2318,"stat.useItem.minecraft.sand":2,"stat.pickup.minecraft.coal":20,"stat.fallOneCm":72321,"stat.useItem.minecraft.stone_axe":95,"stat.pickup.minecraft.gunpowder":2,"stat.craftItem.minecraft.bread":69,"stat.crouchOneCm":8868,"stat.pickup.minecraft.spider_eye":1,"stat.craftItem.minecraft.iron_ingot":26,"stat.craftItem.minecraft.torch":60,"stat.craftItem.minecraft.chest":2,"stat.pickup.minecraft.dirt":62,"stat.useItem.minecraft.cooked_chicken":1,"stat.craftingTableInteraction":24,"stat.pickup.minecraft.iron_ore":30,"stat.pickup.tconstruct.slime_congealed":21,"stat.mineBlock.minecraft.iron_bars":21,"stat.mineBlock.minecraft.leaves2":3,"stat.mineBlock.minecraft.glass_pane":1,"stat.mineBlock.minecraft.log2":17,"stat.damageTaken":40746,"stat.mineBlock.minecraft.furnace":1,"stat.mineBlock.minecraft.melon_block":1,"stat.mineBlock.minecraft.torch":3,"stat.pickup.minecraft.log2":17,"stat.pickup.minecraft.planks":149,"stat.pickup.minecraft.iron_leggings":4,"stat.pickup.minecraft.bed":3,"stat.pickup.minecraft.wheat_seeds":9,"stat.pickup.minecraft.quartz_block":28,"stat.useItem.minecraft.stone_pickaxe":103,"stat.craftItem.minecraft.iron_leggings":2,"stat.damageDealt":91340,"stat.sleepInBed":5,"stat.killEntity.Silverfish":87,"stat.mineBlock.minecraft.dirt":43,"stat.useItem.minecraft.crafting_table":1,"stat.killEntity.Pig":1,"stat.craftItem.minecraft.iron_sword":1,"stat.useItem.minecraft.iron_bars":3,"stat.pickup.narutomod.jiton":1,"stat.walkOneCm":763813,"stat.useItem.minecraft.bread":26,"stat.useItem.minecraft.torch":84,"stat.playerKills":1,"stat.useItem.minecraft.chest":1,"stat.pickup.minecraft.stick":111,"stat.pickup.minecraft.diamond_pickaxe":1,"stat.pickup.minecraft.crafting_table":2,"stat.useItem.minecraft.cobblestone":23,"stat.craftItem.minecraft.crafting_table":4,"stat.entityKilledBy.s_rank_missing_ninja":4,"stat.mineBlock.minecraft.double_plant":5,"stat.killEntity.rogue_ninja":8,"stat.pickup.minecraft.log":25,"stat.entityKilledBy.uzumaki_naruto":67,"stat.craftItem.minecraft.wheat":9,"stat.pickup.narutomod.shuriken":30,"stat.pickup.minecraft.stone":12,"stat.pickup.minecraft.chainmail_leggings":2,"stat.pickup.minecraft.sapling":1,"stat.killEntity.Stray":1,"stat.pickup.minecraft.gold_ingot":1,"stat.killEntity.Skeleton":47,"stat.mineBlock.minecraft.stonebrick":42,"stat.craftItem.minecraft.planks":168,"stat.useItem.minecraft.iron_sword":1137,"stat.mineBlock.tconstruct.slime_grass":8,"stat.killEntity.Spider":9,"stat.killEntity.WitherSkeleton":1,"stat.pickup.minecraft.bread":1,"stat.mobKills":350,"stat.mineBlock.minecraft.log":31,"stat.craftItem.minecraft.cooked_chicken":1,"stat.useItem.minecraft.writable_book":1,"stat.pickup.minecraft.torch":75,"stat.pickup.minecraft.red_flower":2,"stat.sneakTime":5236,"stat.entityKilledBy.ninjabandit":2,"stat.pickup.minecraft.wool":19,"stat.useItem.narutomod.military_rations_pill":1,"stat.mineBlock.minecraft.jukebox":1,"stat.mineBlock.minecraft.stone":32}