{"stat.chestOpened":15,"stat.pickup.minecraft.wooden_slab":3,"stat.mineBlock.minecraft.cobblestone":9,"stat.pickup.narutomod.katon":1,"stat.mineBlock.minecraft.yellow_flower":1,"stat.killEntity.ninjabandit":28,"stat.jump":1016,"stat.swimOneCm":62950,"stat.pickup.minecraft.coal":1,"stat.fallOneCm":22906,"stat.pickup.minecraft.cooked_porkchop":3,"stat.useItem.minecraft.stone_axe":54,"stat.pickup.minecraft.porkchop":3,"stat.pickup.minecraft.gunpowder":2,"stat.crouchOneCm":2661,"stat.craftItem.minecraft.iron_ingot":5,"stat.pickup.minecraft.dirt":21,"stat.useItem.minecraft.dirt":18,"stat.useItem.minecraft.stone_slab2":10,"stat.craftingTableInteraction":13,"stat.pickup.minecraft.iron_ore":5,"stat.pickup.minecraft.rotten_flesh":3,"stat.pickup.minecraft.sand":7,"stat.craftItem.minecraft.furnace":1,"stat.craftItem.minecraft.stone_axe":1,"stat.mineBlock.minecraft.leaves2":3,"stat.mineBlock.minecraft.glass_pane":1,"stat.mineBlock.minecraft.log2":17,"stat.damageTaken":36588,"stat.craftItem.minecraft.stone_pickaxe":1,"stat.mineBlock.minecraft.furnace":1,"stat.pickup.minecraft.cobblestone":38,"stat.mineBlock.minecraft.wooden_slab":3,"stat.pickup.minecraft.log2":17,"stat.entityKilledBy.kimimaro":1,"stat.pickup.minecraft.planks":5,"stat.flyOneCm":286026,"stat.pickup.minecraft.bed":2,"stat.pickup.minecraft.wheat_seeds":6,"stat.pickup.narutomod.kunai":4,"stat.drop.minecraft.wheat_seeds":2,"stat.useItem.minecraft.stone_pickaxe":32,"stat.craftItem.minecraft.wooden_slab":18,"stat.damageDealt":48116,"stat.mineBlock.minecraft.iron_ore":5,"stat.sleepInBed":4,"stat.timeSinceDeath":17775,"stat.mineBlock.minecraft.dirt":7,"stat.killEntity.Pig":1,"stat.useItem.minecraft.wooden_slab":5,"stat.pickup.minecraft.mutton":46,"stat.craftItem.minecraft.iron_sword":1,"stat.pickup.minecraft.double_plant":1,"stat.pickup.narutomod.jiton":1,"stat.walkOneCm":151703,"stat.craftItem.minecraft.bed":1,"stat.playerKills":1,"stat.pickup.minecraft.stick":1,"stat.pickup.minecraft.crafting_table":1,"stat.useItem.minecraft.cobblestone":18,"stat.craftItem.minecraft.crafting_table":1,"stat.furnaceInteraction":9,"stat.entityKilledBy.s_rank_missing_ninja":1,"stat.mineBlock.minecraft.double_plant":1,"stat.useItem.minecraft.cooked_porkchop":2,"stat.killEntity.rogue_ninja":2,"stat.killEntity.Creeper":1,"stat.talkedToVillager":6,"stat.pickup.minecraft.log":24,"stat.pickup.minecraft.string":1,"stat.entityKilledBy.uzumaki_naruto":67,"stat.pickup.narutomod.shuriken":4,"stat.useItem.minecraft.cooked_mutton":1,"stat.pickup.minecraft.furnace":1,"stat.pickup.narutomod.ryo_100":40,"stat.craftItem.minecraft.stone_slab2":0,"stat.pickup.minecraft.stone":3,"stat.sprintOneCm":112260,"stat.mineBlock.minecraft.stone_slab":1,"stat.craftItem.minecraft.stick":8,"stat.craftItem.minecraft.planks":68,"stat.useItem.minecraft.iron_sword":137,"stat.killEntity.Spider":1,"stat.mineBlock.minecraft.crafting_table":1,"stat.mobKills":50,"stat.mineBlock.minecraft.log":24,"stat.deaths":75,"stat.mineBlock.minecraft.planks":5,"stat.drop":1,"stat.playOneMinute":82261,"stat.killEntity.Sheep":17,"stat.sneakTime":2159,"stat.craftItem.minecraft.iron_pickaxe":1,"stat.entityKilledBy.ninjabandit":2,"stat.pickup.minecraft.wool":18,"stat.mineBlock.minecraft.stone":12,"stat.mineBlock.minecraft.tallgrass":38,"stat.craftItem.minecraft.cooked_mutton":4,"stat.diveOneCm":121334}