{"stat.chestOpened":3,"stat.pickup.minecraft.double_plant":1,"stat.walkOneCm":130649,"stat.craftItem.minecraft.bed":1,"stat.playerKills":1,"stat.pickup.minecraft.wooden_slab":3,"stat.mineBlock.minecraft.cobblestone":2,"stat.pickup.minecraft.crafting_table":1,"stat.useItem.minecraft.cobblestone":14,"stat.craftItem.minecraft.crafting_table":1,"stat.furnaceInteraction":9,"stat.mineBlock.minecraft.yellow_flower":1,"stat.entityKilledBy.s_rank_missing_ninja":1,"stat.mineBlock.minecraft.double_plant":1,"stat.killEntity.ninjabandit":12,"stat.killEntity.rogue_ninja":2,"stat.killEntity.Creeper":1,"stat.pickup.minecraft.log":23,"stat.pickup.minecraft.string":1,"stat.jump":917,"stat.entityKilledBy.uzumaki_naruto":67,"stat.swimOneCm":62164,"stat.pickup.minecraft.coal":1,"stat.fallOneCm":22906,"stat.useItem.minecraft.cooked_mutton":1,"stat.pickup.minecraft.furnace":1,"stat.pickup.narutomod.ryo_100":32,"stat.pickup.minecraft.cooked_porkchop":3,"stat.craftItem.minecraft.stone_slab2":0,"stat.useItem.minecraft.stone_axe":48,"stat.pickup.minecraft.stone":3,"stat.pickup.minecraft.porkchop":3,"stat.pickup.minecraft.gunpowder":2,"stat.crouchOneCm":2465,"stat.craftItem.minecraft.iron_ingot":5,"stat.pickup.minecraft.dirt":21,"stat.useItem.minecraft.dirt":15,"stat.sprintOneCm":104341,"stat.useItem.minecraft.stone_slab2":8,"stat.mineBlock.minecraft.stone_slab":1,"stat.craftItem.minecraft.stick":8,"stat.craftingTableInteraction":13,"stat.pickup.minecraft.iron_ore":5,"stat.pickup.minecraft.rotten_flesh":3,"stat.pickup.minecraft.sand":7,"stat.craftItem.minecraft.furnace":1,"stat.craftItem.minecraft.planks":68,"stat.useItem.minecraft.iron_sword":81,"stat.craftItem.minecraft.stone_axe":1,"stat.mineBlock.minecraft.leaves2":3,"stat.mineBlock.minecraft.log2":17,"stat.damageTaken":36578,"stat.killEntity.Spider":1,"stat.mineBlock.minecraft.crafting_table":1,"stat.craftItem.minecraft.stone_pickaxe":1,"stat.mineBlock.minecraft.furnace":1,"stat.pickup.minecraft.cobblestone":31,"stat.mobKills":34,"stat.mineBlock.minecraft.wooden_slab":3,"stat.pickup.minecraft.log2":17,"stat.mineBlock.minecraft.log":23,"stat.entityKilledBy.kimimaro":1,"stat.flyOneCm":244675,"stat.pickup.minecraft.bed":2,"stat.deaths":75,"stat.pickup.minecraft.wheat_seeds":6,"stat.drop":1,"stat.pickup.narutomod.kunai":4,"stat.playOneMinute":69661,"stat.drop.minecraft.wheat_seeds":2,"stat.killEntity.Sheep":17,"stat.useItem.minecraft.stone_pickaxe":25,"stat.craftItem.minecraft.wooden_slab":18,"stat.sneakTime":1947,"stat.craftItem.minecraft.iron_pickaxe":1,"stat.entityKilledBy.ninjabandit":2,"stat.pickup.minecraft.wool":18,"stat.damageDealt":45416,"stat.mineBlock.minecraft.iron_ore":5,"stat.sleepInBed":3,"stat.timeSinceDeath":5175,"stat.mineBlock.minecraft.dirt":7,"stat.mineBlock.minecraft.stone":12,"stat.killEntity.Pig":1,"stat.useItem.minecraft.wooden_slab":5,"stat.mineBlock.minecraft.tallgrass":36,"stat.craftItem.minecraft.cooked_mutton":4,"stat.diveOneCm":121334,"stat.pickup.minecraft.mutton":46,"stat.craftItem.minecraft.iron_sword":1}