{"stat.chestOpened":16,"stat.pickup.minecraft.wooden_slab":3,"stat.mineBlock.minecraft.cobblestone":10,"stat.pickup.narutomod.katon":1,"stat.mineBlock.minecraft.yellow_flower":1,"stat.killEntity.ninjabandit":28,"stat.mineBlock.tconstruct.slime_dirt":11,"stat.jump":1140,"stat.swimOneCm":63532,"stat.pickup.minecraft.coal":1,"stat.fallOneCm":32417,"stat.useItem.minecraft.planks":76,"stat.pickup.minecraft.cooked_porkchop":3,"stat.useItem.minecraft.stone_axe":54,"stat.pickup.minecraft.porkchop":3,"stat.pickup.minecraft.gunpowder":2,"stat.crouchOneCm":4215,"stat.craftItem.minecraft.iron_ingot":5,"stat.pickup.minecraft.dirt":21,"stat.useItem.minecraft.dirt":18,"stat.useItem.minecraft.stone_slab2":12,"stat.craftingTableInteraction":13,"stat.pickup.minecraft.iron_ore":26,"stat.pickup.minecraft.rotten_flesh":3,"stat.mineBlock.tconstruct.slime_vine_purple_end":1,"stat.pickup.minecraft.sand":7,"stat.pickup.tconstruct.slime_congealed":21,"stat.craftItem.minecraft.furnace":1,"stat.craftItem.minecraft.stone_axe":1,"stat.mineBlock.minecraft.leaves2":3,"stat.mineBlock.minecraft.glass_pane":1,"stat.mineBlock.minecraft.log2":17,"stat.damageTaken":36958,"stat.craftItem.minecraft.stone_pickaxe":1,"stat.mineBlock.minecraft.furnace":1,"stat.pickup.minecraft.cobblestone":39,"stat.mineBlock.minecraft.wooden_slab":3,"stat.pickup.minecraft.log2":17,"stat.entityKilledBy.kimimaro":1,"stat.pickup.minecraft.planks":5,"stat.flyOneCm":288225,"stat.pickup.minecraft.bed":2,"stat.pickup.minecraft.wheat_seeds":6,"stat.pickup.narutomod.kunai":4,"stat.drop.minecraft.wheat_seeds":2,"stat.useItem.minecraft.stone_pickaxe":103,"stat.craftItem.minecraft.wooden_slab":18,"stat.damageDealt":48476,"stat.mineBlock.minecraft.iron_ore":26,"stat.sleepInBed":4,"stat.timeSinceDeath":2368,"stat.mineBlock.minecraft.dirt":7,"stat.pickup.tconstruct.slime_sapling":1,"stat.killEntity.Pig":1,"stat.useItem.minecraft.wooden_slab":5,"stat.pickup.minecraft.mutton":46,"stat.craftItem.minecraft.iron_sword":1,"stat.pickup.minecraft.double_plant":1,"stat.pickup.narutomod.jiton":1,"stat.walkOneCm":172980,"stat.craftItem.minecraft.bed":1,"stat.playerKills":1,"stat.pickup.minecraft.stick":1,"stat.pickup.minecraft.crafting_table":1,"stat.useItem.minecraft.cobblestone":23,"stat.craftItem.minecraft.crafting_table":1,"stat.furnaceInteraction":9,"stat.entityKilledBy.s_rank_missing_ninja":1,"stat.mineBlock.minecraft.double_plant":1,"stat.useItem.minecraft.cooked_porkchop":2,"stat.killEntity.rogue_ninja":2,"stat.killEntity.Creeper":1,"stat.talkedToVillager":6,"stat.pickup.minecraft.log":24,"stat.pickup.minecraft.string":1,"stat.entityKilledBy.uzumaki_naruto":67,"stat.pickup.narutomod.shuriken":4,"stat.useItem.minecraft.cooked_mutton":1,"stat.pickup.minecraft.furnace":1,"stat.pickup.narutomod.ryo_100":40,"stat.craftItem.minecraft.stone_slab2":0,"stat.pickup.minecraft.stone":12,"stat.sprintOneCm":112614,"stat.mineBlock.minecraft.stone_slab":1,"stat.craftItem.minecraft.stick":8,"stat.killEntity.Skeleton":1,"stat.craftItem.minecraft.planks":164,"stat.useItem.minecraft.iron_sword":143,"stat.mineBlock.tconstruct.slime_grass":8,"stat.killEntity.Spider":1,"stat.mineBlock.minecraft.crafting_table":1,"stat.pickup.tconstruct.slime_dirt":18,"stat.mobKills":52,"stat.mineBlock.minecraft.log":24,"stat.deaths":76,"stat.mineBlock.minecraft.planks":5,"stat.drop":1,"stat.playOneMinute":94861,"stat.killEntity.Sheep":17,"stat.sneakTime":2995,"stat.craftItem.minecraft.iron_pickaxe":1,"stat.entityKilledBy.ninjabandit":2,"stat.pickup.minecraft.wool":18,"stat.mineBlock.minecraft.stone":21,"stat.mineBlock.minecraft.tallgrass":38,"stat.craftItem.minecraft.cooked_mutton":4,"stat.diveOneCm":121334}