{"stat.chestOpened":64,"stat.cakeSlicesEaten":1,"stat.pickup.minecraft.bone":1,"stat.pickup.minecraft.wooden_slab":3,"stat.useItem.minecraft.iron_axe":83,"stat.pickup.narutomod.military_rations_pill":3,"stat.mineBlock.minecraft.cobblestone":17,"stat.pickup.narutomod.katon":1,"stat.drop.tconstruct.slime_sapling":1,"stat.mineBlock.minecraft.yellow_flower":1,"stat.killEntity.ninjabandit":54,"stat.craftItem.minecraft.iron_axe":1,"stat.killEntity.s_rank_missing_ninja":2,"stat.mineBlock.tconstruct.slime_dirt":11,"stat.useItem.minecraft.rotten_flesh":1,"stat.jump":1860,"stat.swimOneCm":68767,"stat.useItem.minecraft.sand":2,"stat.pickup.minecraft.coal":20,"stat.fallOneCm":58025,"stat.useItem.minecraft.planks":120,"stat.climbOneCm":7525,"stat.pickup.minecraft.cooked_porkchop":3,"stat.useItem.minecraft.stone_axe":95,"stat.pickup.minecraft.porkchop":3,"stat.pickup.minecraft.gunpowder":2,"stat.craftItem.minecraft.bread":69,"stat.crouchOneCm":7521,"stat.craftItem.minecraft.iron_ingot":26,"stat.craftItem.minecraft.torch":8,"stat.pickup.minecraft.dirt":58,"stat.useItem.minecraft.dirt":24,"stat.useItem.minecraft.stone_slab2":22,"stat.craftingTableInteraction":22,"stat.pickup.minecraft.iron_ore":30,"stat.pickup.minecraft.rotten_flesh":7,"stat.mineBlock.tconstruct.slime_vine_purple_end":1,"stat.pickup.minecraft.sand":19,"stat.pickup.tconstruct.slime_congealed":21,"stat.craftItem.minecraft.furnace":1,"stat.mineBlock.minecraft.iron_bars":2,"stat.craftItem.minecraft.stone_axe":1,"stat.mineBlock.minecraft.leaves2":3,"stat.mineBlock.minecraft.glass_pane":1,"stat.craftItem.minecraft.iron_boots":1,"stat.mineBlock.minecraft.log2":17,"stat.damageTaken":38385,"stat.craftItem.minecraft.stone_pickaxe":1,"stat.mineBlock.minecraft.furnace":1,"stat.mineBlock.minecraft.melon_block":1,"stat.pickup.minecraft.cobblestone":43,"stat.mineBlock.minecraft.wooden_slab":4,"stat.pickup.minecraft.log2":17,"stat.pickup.minecraft.leather_boots":1,"stat.entityKilledBy.kimimaro":1,"stat.pickup.minecraft.planks":62,"stat.pickup.minecraft.iron_leggings":1,"stat.flyOneCm":459621,"stat.pickup.minecraft.bed":3,"stat.pickup.minecraft.wheat_seeds":9,"stat.mineBlock.minecraft.sand":4,"stat.pickup.narutomod.kunai":15,"stat.drop.minecraft.wheat_seeds":2,"stat.useItem.minecraft.stone_pickaxe":103,"stat.craftItem.minecraft.wooden_slab":18,"stat.craftItem.minecraft.iron_leggings":1,"stat.damageDealt":60977,"stat.mineBlock.minecraft.iron_ore":30,"stat.sleepInBed":5,"stat.timeSinceDeath":27900,"stat.mineBlock.minecraft.dirt":39,"stat.pickup.tconstruct.slime_sapling":3,"stat.useItem.minecraft.iron_pickaxe":52,"stat.useItem.minecraft.crafting_table":1,"stat.killEntity.Pig":1,"stat.useItem.minecraft.wooden_slab":5,"stat.pickup.minecraft.mutton":46,"stat.craftItem.minecraft.iron_sword":1,"stat.pickup.minecraft.double_plant":1,"stat.pickup.narutomod.jiton":1,"stat.walkOneCm":413529,"stat.craftItem.minecraft.bed":1,"stat.useItem.minecraft.bread":4,"stat.useItem.minecraft.torch":14,"stat.trappedChestTriggered":10,"stat.playerKills":1,"stat.pickup.minecraft.stick":1,"stat.killEntity.tenten":2,"stat.pickup.minecraft.crafting_table":1,"stat.useItem.minecraft.cobblestone":23,"stat.craftItem.minecraft.crafting_table":3,"stat.furnaceInteraction":17,"stat.killEntity.lava_ninja":1,"stat.entityKilledBy.s_rank_missing_ninja":3,"stat.mineBlock.minecraft.double_plant":5,"stat.useItem.minecraft.cooked_porkchop":3,"stat.killEntity.rogue_ninja":5,"stat.mineBlock.minecraft.coal_ore":19,"stat.killEntity.Creeper":2,"stat.talkedToVillager":16,"stat.pickup.minecraft.log":25,"stat.pickup.minecraft.string":1,"stat.entityKilledBy.uzumaki_naruto":67,"stat.craftItem.minecraft.wheat":9,"stat.pickup.narutomod.shuriken":15,"stat.useItem.minecraft.cooked_mutton":8,"stat.pickup.minecraft.furnace":1,"stat.pickup.narutomod.ryo_100":79,"stat.craftItem.minecraft.stone_slab2":0,"stat.pickup.minecraft.stone":12,"stat.pickup.minecraft.hay_block":1,"stat.useItem.minecraft.written_book":1,"stat.killEntity.iruka_sensei":1,"stat.sprintOneCm":182012,"stat.mineBlock.minecraft.stone_slab":4,"stat.pickup.minecraft.skull":1,"stat.craftItem.minecraft.stick":12,"stat.killEntity.Skeleton":8,"stat.craftItem.minecraft.planks":168,"stat.useItem.minecraft.iron_sword":300,"stat.pickup.narutomod.ryo_1000":2,"stat.mineBlock.tconstruct.slime_grass":8,"stat.killEntity.Spider":3,"stat.mineBlock.minecraft.crafting_table":1,"stat.pickup.minecraft.bread":1,"stat.pickup.tconstruct.slime_dirt":18,"stat.mobKills":108,"stat.pickup.minecraft.leather_leggings":1,"stat.mineBlock.minecraft.log":31,"stat.mineBlock.minecraft.oak_stairs":1,"stat.deaths":78,"stat.mineBlock.minecraft.planks":44,"stat.drop":2,"stat.pickup.minecraft.egg":11,"stat.useItem.minecraft.writable_book":1,"stat.playOneMinute":156961,"stat.pickup.minecraft.torch":36,"stat.killEntity.Sheep":18,"stat.pickup.minecraft.red_flower":2,"stat.sneakTime":4743,"stat.craftItem.minecraft.iron_pickaxe":1,"stat.entityKilledBy.ninjabandit":2,"stat.pickup.minecraft.wool":19,"stat.killEntity.Zombie":8,"stat.mineBlock.minecraft.jukebox":1,"stat.mineBlock.minecraft.stone":32,"stat.mineBlock.minecraft.tallgrass":93,"stat.craftItem.minecraft.cooked_mutton":8,"stat.diveOneCm":131944,"stat.pickup.minecraft.wheat":318}