{"stat.pickup.minecraft.double_plant":1,"stat.walkOneCm":98616,"stat.craftItem.minecraft.bed":1,"stat.playerKills":1,"stat.useItem.minecraft.cobblestone":14,"stat.craftItem.minecraft.crafting_table":1,"stat.furnaceInteraction":9,"stat.mineBlock.minecraft.yellow_flower":1,"stat.mineBlock.minecraft.double_plant":1,"stat.pickup.minecraft.log":23,"stat.jump":764,"stat.entityKilledBy.uzumaki_naruto":67,"stat.swimOneCm":60244,"stat.pickup.minecraft.coal":1,"stat.fallOneCm":20082,"stat.useItem.minecraft.cooked_mutton":1,"stat.craftItem.minecraft.stone_slab2":0,"stat.useItem.minecraft.stone_axe":42,"stat.pickup.minecraft.stone":3,"stat.pickup.minecraft.porkchop":3,"stat.crouchOneCm":1900,"stat.craftItem.minecraft.iron_ingot":5,"stat.pickup.minecraft.dirt":17,"stat.useItem.minecraft.dirt":15,"stat.sprintOneCm":80287,"stat.useItem.minecraft.stone_slab2":7,"stat.craftItem.minecraft.stick":8,"stat.craftingTableInteraction":12,"stat.pickup.minecraft.iron_ore":5,"stat.pickup.minecraft.rotten_flesh":3,"stat.pickup.minecraft.sand":7,"stat.craftItem.minecraft.furnace":1,"stat.craftItem.minecraft.planks":68,"stat.useItem.minecraft.iron_sword":16,"stat.craftItem.minecraft.stone_axe":1,"stat.mineBlock.minecraft.leaves2":3,"stat.mineBlock.minecraft.log2":17,"stat.damageTaken":36318,"stat.craftItem.minecraft.stone_pickaxe":1,"stat.pickup.minecraft.cobblestone":29,"stat.mobKills":18,"stat.pickup.minecraft.log2":17,"stat.mineBlock.minecraft.log":23,"stat.entityKilledBy.kimimaro":1,"stat.flyOneCm":177031,"stat.deaths":74,"stat.pickup.minecraft.wheat_seeds":6,"stat.drop":1,"stat.playOneMinute":57061,"stat.drop.minecraft.wheat_seeds":2,"stat.killEntity.Sheep":17,"stat.useItem.minecraft.stone_pickaxe":19,"stat.craftItem.minecraft.wooden_slab":18,"stat.sneakTime":1513,"stat.craftItem.minecraft.iron_pickaxe":1,"stat.entityKilledBy.ninjabandit":2,"stat.pickup.minecraft.wool":18,"stat.damageDealt":43651,"stat.mineBlock.minecraft.iron_ore":5,"stat.sleepInBed":3,"stat.timeSinceDeath":24728,"stat.mineBlock.minecraft.dirt":3,"stat.mineBlock.minecraft.stone":12,"stat.killEntity.Pig":1,"stat.useItem.minecraft.wooden_slab":2,"stat.mineBlock.minecraft.tallgrass":29,"stat.craftItem.minecraft.cooked_mutton":4,"stat.diveOneCm":109315,"stat.pickup.minecraft.mutton":25,"stat.craftItem.minecraft.iron_sword":1}