{"stat.pickup.minecraft.rotten_flesh":3,"stat.pickup.minecraft.sand":6,"stat.walkOneCm":51102,"stat.playerKills":1,"stat.damageTaken":32369,"stat.mineBlock.minecraft.yellow_flower":1,"stat.pickup.minecraft.cobblestone":18,"stat.flyOneCm":110584,"stat.deaths":67,"stat.pickup.minecraft.wheat_seeds":4,"stat.drop":1,"stat.jump":346,"stat.entityKilledBy.uzumaki_naruto":64,"stat.swimOneCm":45441,"stat.playOneMinute":19261,"stat.pickup.minecraft.coal":1,"stat.fallOneCm":10122,"stat.drop.minecraft.wheat_seeds":2,"stat.sneakTime":3,"stat.entityKilledBy.ninjabandit":1,"stat.pickup.minecraft.wool":1,"stat.damageDealt":41212,"stat.pickup.minecraft.stone":2,"stat.timeSinceDeath":666,"stat.pickup.minecraft.dirt":15,"stat.sprintOneCm":31069,"stat.mineBlock.minecraft.tallgrass":4,"stat.diveOneCm":62962}