{"stat.chestOpened":18,"stat.pickup.minecraft.wooden_slab":3,"stat.mineBlock.minecraft.cobblestone":12,"stat.pickup.narutomod.katon":1,"stat.mineBlock.minecraft.yellow_flower":1,"stat.killEntity.ninjabandit":41,"stat.mineBlock.tconstruct.slime_dirt":11,"stat.jump":1200,"stat.swimOneCm":63532,"stat.pickup.minecraft.coal":1,"stat.fallOneCm":34355,"stat.useItem.minecraft.planks":82,"stat.pickup.minecraft.cooked_porkchop":3,"stat.useItem.minecraft.stone_axe":58,"stat.pickup.minecraft.porkchop":3,"stat.pickup.minecraft.gunpowder":2,"stat.crouchOneCm":4572,"stat.craftItem.minecraft.iron_ingot":26,"stat.pickup.minecraft.dirt":28,"stat.useItem.minecraft.dirt":21,"stat.useItem.minecraft.stone_slab2":15,"stat.craftingTableInteraction":15,"stat.pickup.minecraft.iron_ore":26,"stat.pickup.minecraft.rotten_flesh":5,"stat.mineBlock.tconstruct.slime_vine_purple_end":1,"stat.pickup.minecraft.sand":7,"stat.pickup.tconstruct.slime_congealed":21,"stat.craftItem.minecraft.furnace":1,"stat.craftItem.minecraft.stone_axe":1,"stat.mineBlock.minecraft.leaves2":3,"stat.mineBlock.minecraft.glass_pane":1,"stat.craftItem.minecraft.iron_boots":1,"stat.mineBlock.minecraft.log2":17,"stat.damageTaken":37222,"stat.craftItem.minecraft.stone_pickaxe":1,"stat.mineBlock.minecraft.furnace":1,"stat.pickup.minecraft.cobblestone":41,"stat.mineBlock.minecraft.wooden_slab":3,"stat.pickup.minecraft.log2":17,"stat.entityKilledBy.kimimaro":1,"stat.pickup.minecraft.planks":9,"stat.flyOneCm":300490,"stat.pickup.minecraft.bed":2,"stat.pickup.minecraft.wheat_seeds":8,"stat.pickup.narutomod.kunai":15,"stat.drop.minecraft.wheat_seeds":2,"stat.useItem.minecraft.stone_pickaxe":103,"stat.craftItem.minecraft.wooden_slab":18,"stat.craftItem.minecraft.iron_leggings":1,"stat.damageDealt":53900,"stat.mineBlock.minecraft.iron_ore":26,"stat.sleepInBed":5,"stat.timeSinceDeath":14968,"stat.mineBlock.minecraft.dirt":14,"stat.pickup.tconstruct.slime_sapling":1,"stat.useItem.minecraft.iron_pickaxe":3,"stat.killEntity.Pig":1,"stat.useItem.minecraft.wooden_slab":5,"stat.pickup.minecraft.mutton":46,"stat.craftItem.minecraft.iron_sword":1,"stat.pickup.minecraft.double_plant":1,"stat.pickup.narutomod.jiton":1,"stat.walkOneCm":209786,"stat.craftItem.minecraft.bed":1,"stat.playerKills":1,"stat.pickup.minecraft.stick":1,"stat.killEntity.tenten":2,"stat.pickup.minecraft.crafting_table":1,"stat.useItem.minecraft.cobblestone":23,"stat.craftItem.minecraft.crafting_table":1,"stat.furnaceInteraction":15,"stat.entityKilledBy.s_rank_missing_ninja":1,"stat.mineBlock.minecraft.double_plant":3,"stat.useItem.minecraft.cooked_porkchop":3,"stat.killEntity.rogue_ninja":4,"stat.killEntity.Creeper":1,"stat.talkedToVillager":8,"stat.pickup.minecraft.log":24,"stat.pickup.minecraft.string":1,"stat.entityKilledBy.uzumaki_naruto":67,"stat.pickup.narutomod.shuriken":8,"stat.useItem.minecraft.cooked_mutton":1,"stat.pickup.minecraft.furnace":1,"stat.pickup.narutomod.ryo_100":67,"stat.craftItem.minecraft.stone_slab2":0,"stat.pickup.minecraft.stone":12,"stat.killEntity.iruka_sensei":1,"stat.sprintOneCm":117338,"stat.mineBlock.minecraft.stone_slab":1,"stat.craftItem.minecraft.stick":8,"stat.killEntity.Skeleton":1,"stat.craftItem.minecraft.planks":164,"stat.useItem.minecraft.iron_sword":267,"stat.mineBlock.tconstruct.slime_grass":8,"stat.killEntity.Spider":2,"stat.mineBlock.minecraft.crafting_table":1,"stat.pickup.tconstruct.slime_dirt":18,"stat.mobKills":74,"stat.mineBlock.minecraft.log":24,"stat.deaths":76,"stat.mineBlock.minecraft.planks":9,"stat.drop":1,"stat.playOneMinute":107461,"stat.killEntity.Sheep":17,"stat.sneakTime":3333,"stat.craftItem.minecraft.iron_pickaxe":1,"stat.entityKilledBy.ninjabandit":2,"stat.pickup.minecraft.wool":18,"stat.killEntity.Zombie":3,"stat.mineBlock.minecraft.stone":21,"stat.mineBlock.minecraft.tallgrass":42,"stat.craftItem.minecraft.cooked_mutton":8,"stat.diveOneCm":121334}