{"stat.flyOneCm":56731,"stat.deaths":14,"stat.walkOneCm":14541,"stat.pickup.minecraft.wheat_seeds":2,"stat.drop":1,"stat.jump":140,"stat.entityKilledBy.uzumaki_naruto":13,"stat.swimOneCm":13502,"stat.playerKills":1,"stat.playOneMinute":6661,"stat.fallOneCm":4119,"stat.drop.minecraft.wheat_seeds":2,"stat.entityKilledBy.ninjabandit":1,"stat.damageTaken":7837,"stat.damageDealt":40864,"stat.pickup.minecraft.stone":1,"stat.timeSinceDeath":502,"stat.sprintOneCm":21309,"stat.pickup.minecraft.cobblestone":7,"stat.mineBlock.minecraft.tallgrass":3,"stat.diveOneCm":4177}