{"stat.chestOpened":21,"stat.walkOneCm":155657,"stat.pickup.tconstruct.pattern":1,"stat.useItem.minecraft.torch":5,"stat.pickup.tconstruct.longsword":1,"stat.pickup.minecraft.arrow":1,"stat.craftItem.minecraft.cooked_porkchop":3,"stat.useItem.minecraft.cobblestone":1,"stat.furnaceInteraction":19,"stat.entityKilledBy.s_rank_missing_ninja":1,"stat.entityKilledBy.Witch":1,"stat.killEntity.ninjabandit":1,"stat.useItem.minecraft.cooked_porkchop":2,"stat.mineBlock.minecraft.coal_ore":41,"stat.killEntity.Creeper":2,"stat.drop.tconstruct.longsword":1,"stat.pickup.minecraft.log":10,"stat.pickup.minecraft.string":2,"stat.jump":447,"stat.swimOneCm":41419,"stat.pickup.minecraft.coal":57,"stat.fallOneCm":11697,"stat.useItem.tconstruct.pickaxe":64,"stat.entityKilledBy.Skeleton":1,"stat.craftItem.minecraft.stone_slab2":0,"stat.pickup.usefulbackpacks.backpack":1,"stat.pickup.minecraft.gunpowder":3,"stat.craftItem.minecraft.iron_chestplate":1,"stat.pickup.minecraft.chicken":1,"stat.crouchOneCm":287,"stat.pickup.minecraft.spider_eye":1,"stat.craftItem.minecraft.iron_ingot":45,"stat.craftItem.minecraft.torch":8,"stat.pickup.minecraft.dirt":10,"stat.sprintOneCm":56845,"stat.pickup.minecraft.red_mushroom":3,"stat.pickup.minecraft.iron_chestplate":1,"stat.craftItem.minecraft.stick":8,"stat.craftingTableInteraction":9,"stat.pickup.minecraft.iron_ore":17,"stat.pickup.minecraft.rotten_flesh":4,"stat.killEntity.Skeleton":1,"stat.craftItem.minecraft.planks":40,"stat.useItem.minecraft.iron_sword":4,"stat.craftItem.tconstruct.pattern":10,"stat.killEntity.Chicken":1,"stat.damageTaken":4455,"stat.killEntity.Spider":3,"stat.useItem.tconstruct.longsword":2,"stat.pickup.minecraft.cobblestone":54,"stat.mobKills":16,"stat.entityKilledBy.Creeper":1,"stat.flyOneCm":76735,"stat.deaths":16,"stat.drop":1,"stat.pickup.minecraft.diamond":6,"stat.pickup.minecraft.wheat_seeds":4,"stat.pickup.minecraft.egg":2,"stat.playOneMinute":48006,"stat.killEntity.Sheep":2,"stat.sneakTime":104,"stat.craftItem.minecraft.iron_pickaxe":1,"stat.craftItem.minecraft.iron_leggings":1,"stat.pickup.minecraft.wool":2,"stat.damageDealt":3152,"stat.mineBlock.minecraft.iron_ore":18,"stat.killEntity.Zombie":6,"stat.timeSinceDeath":5535,"stat.mineBlock.minecraft.dirt":1,"stat.mineBlock.minecraft.stone":5,"stat.entityKilledBy.explosive_ninja":12,"stat.mineBlock.minecraft.tallgrass":1,"stat.diveOneCm":57436,"stat.craftItem.minecraft.iron_sword":1,"stat.pickup.minecraft.mutton":5}