{"stat.chestOpened":13,"stat.walkOneCm":59038,"stat.pickup.tconstruct.pattern":1,"stat.craftItem.minecraft.planks":40,"stat.useItem.minecraft.iron_sword":4,"stat.craftItem.tconstruct.pattern":9,"stat.pickup.tconstruct.longsword":1,"stat.craftItem.minecraft.cooked_porkchop":3,"stat.damageTaken":505,"stat.furnaceInteraction":14,"stat.pickup.minecraft.cobblestone":43,"stat.mobKills":1,"stat.drop.tconstruct.longsword":1,"stat.pickup.minecraft.log":10,"stat.flyOneCm":22722,"stat.deaths":2,"stat.drop":1,"stat.jump":142,"stat.swimOneCm":35797,"stat.playOneMinute":25495,"stat.pickup.minecraft.coal":15,"stat.fallOneCm":2909,"stat.entityKilledBy.Skeleton":1,"stat.sneakTime":3,"stat.craftItem.minecraft.iron_pickaxe":1,"stat.craftItem.minecraft.iron_leggings":1,"stat.craftItem.minecraft.stone_slab2":0,"stat.damageDealt":180,"stat.craftItem.minecraft.iron_chestplate":1,"stat.killEntity.Zombie":1,"stat.timeSinceDeath":20728,"stat.craftItem.minecraft.iron_ingot":26,"stat.sprintOneCm":17605,"stat.pickup.minecraft.iron_chestplate":1,"stat.entityKilledBy.explosive_ninja":1,"stat.diveOneCm":21942,"stat.craftItem.minecraft.iron_sword":1,"stat.craftItem.minecraft.stick":8,"stat.craftingTableInteraction":9}