{"stat.chestOpened":19,"stat.walkOneCm":98889,"stat.pickup.tconstruct.pattern":1,"stat.pickup.tconstruct.longsword":1,"stat.craftItem.minecraft.cooked_porkchop":3,"stat.furnaceInteraction":16,"stat.entityKilledBy.s_rank_missing_ninja":1,"stat.killEntity.Creeper":1,"stat.drop.tconstruct.longsword":1,"stat.pickup.minecraft.log":10,"stat.jump":212,"stat.swimOneCm":39191,"stat.pickup.minecraft.coal":15,"stat.fallOneCm":5480,"stat.entityKilledBy.Skeleton":1,"stat.craftItem.minecraft.stone_slab2":0,"stat.pickup.usefulbackpacks.backpack":1,"stat.pickup.minecraft.gunpowder":2,"stat.craftItem.minecraft.iron_chestplate":1,"stat.craftItem.minecraft.iron_ingot":40,"stat.pickup.minecraft.dirt":4,"stat.sprintOneCm":27590,"stat.pickup.minecraft.iron_chestplate":1,"stat.craftItem.minecraft.stick":8,"stat.craftingTableInteraction":9,"stat.craftItem.minecraft.planks":40,"stat.useItem.minecraft.iron_sword":4,"stat.craftItem.tconstruct.pattern":10,"stat.damageTaken":2612,"stat.useItem.tconstruct.longsword":2,"stat.pickup.minecraft.cobblestone":43,"stat.mobKills":4,"stat.entityKilledBy.Creeper":1,"stat.flyOneCm":41958,"stat.deaths":10,"stat.drop":1,"stat.pickup.minecraft.diamond":6,"stat.pickup.minecraft.wheat_seeds":3,"stat.pickup.minecraft.egg":1,"stat.playOneMinute":35406,"stat.killEntity.Sheep":1,"stat.sneakTime":3,"stat.craftItem.minecraft.iron_pickaxe":1,"stat.craftItem.minecraft.iron_leggings":1,"stat.pickup.minecraft.wool":1,"stat.damageDealt":888,"stat.killEntity.Zombie":2,"stat.timeSinceDeath":1070,"stat.entityKilledBy.explosive_ninja":7,"stat.mineBlock.minecraft.tallgrass":1,"stat.diveOneCm":43721,"stat.craftItem.minecraft.iron_sword":1,"stat.pickup.minecraft.mutton":1}