{"stat.pickup.minecraft.bone":5,"stat.useItem.minecraft.iron_axe":70,"stat.pickup.tconstruct.longsword":1,"stat.leaveGame":2,"stat.pickup.narutomod.military_rations_pill":2,"stat.entityKilledBy.lava_ninja":5,"stat.mineBlock.minecraft.cobblestone":2,"stat.entityKilledBy.Witch":1,"stat.craftItem.minecraft.iron_axe":1,"stat.swimOneCm":49610,"stat.climbOneCm":1063,"stat.useItem.minecraft.planks":223,"stat.mineBlock.minecraft.web":2,"stat.useItem.minecraft.stone_slab2":18,"stat.pickup.minecraft.bow":1,"stat.mineBlock.minecraft.red_mushroom":1,"stat.pickup.minecraft.rotten_flesh":11,"stat.pickup.minecraft.sand":10,"stat.craftItem.minecraft.furnace":1,"stat.craftItem.minecraft.cooked_beef":22,"stat.killEntity.Enderman":1,"stat.pickup.minecraft.cobblestone":90,"stat.flyOneCm":258857,"stat.mineBlock.minecraft.sand":1,"stat.pickup.narutomod.kunai":5,"stat.killEntity.Witch":2,"stat.useItem.minecraft.cooked_beef":5,"stat.pickup.minecraft.redstone":2,"stat.mineBlock.minecraft.iron_ore":27,"stat.timeSinceDeath":271,"stat.entityKilledBy.explosive_ninja":12,"stat.pickup.minecraft.mutton":9,"stat.craftItem.minecraft.birch_door":3,"stat.pickup.narutomod.scroll_big_blow":1,"stat.entityKilledBy.rogue_anbu":4,"stat.mineBlock.minecraft.vine":2,"stat.furnaceInteraction":34,"stat.killEntity.lava_ninja":1,"stat.useItem.minecraft.cooked_porkchop":3,"stat.killEntity.ZombieVillager":1,"stat.mineBlock.minecraft.coal_ore":70,"stat.killEntity.Creeper":5,"stat.pickup.minecraft.string":7,"stat.useItem.kabutoaddon.dna":1,"stat.pickup.minecraft.beef":24,"stat.useItem.minecraft.cooked_mutton":9,"stat.entityKilledBy.Skeleton":2,"stat.pickup.narutomod.ryo_100":65,"stat.craftItem.minecraft.stone_slab2":0,"stat.craftItem.tconstruct.tooltables":4,"stat.sprintOneCm":429335,"stat.pickup.minecraft.iron_chestplate":1,"stat.craftItem.minecraft.stick":28,"stat.mineBlock.minecraft.crafting_table":2,"stat.drop.narutomod.byakuganhelmet":1,"stat.entityKilledBy.Creeper":1,"stat.pickup.minecraft.sugar":2,"stat.deaths":66,"stat.mineBlock.minecraft.planks":23,"stat.drop":3,"stat.pickup.minecraft.egg":3,"stat.playOneMinute":169742,"stat.killEntity.Sheep":4,"stat.pickup.narutomod.scroll_earth_wall":1,"stat.pickup.kabutoaddon.dna":2,"stat.craftItem.minecraft.iron_pickaxe":1,"stat.killEntity.Zombie":15,"stat.mineBlock.minecraft.tallgrass":69,"stat.craftItem.minecraft.cooked_mutton":9,"stat.diveOneCm":63677,"stat.chestOpened":65,"stat.mineBlock.minecraft.mossy_cobblestone":1,"stat.useItem.kabutoaddon.kg_reroll":1,"stat.pickup.minecraft.gravel":6,"stat.pickup.minecraft.arrow":4,"stat.craftItem.minecraft.cooked_porkchop":3,"stat.killEntity.ninjabandit":20,"stat.drop.tconstruct.longsword":1,"stat.jump":1509,"stat.useItem.minecraft.sand":1,"stat.pickup.minecraft.coal":85,"stat.fallOneCm":39122,"stat.pickup.minecraft.iron_ingot":11,"stat.pickup.minecraft.gunpowder":4,"stat.crouchOneCm":5839,"stat.pickup.minecraft.spider_eye":2,"stat.craftItem.minecraft.iron_ingot":45,"stat.craftItem.minecraft.torch":44,"stat.craftItem.minecraft.chest":6,"stat.pickup.minecraft.dirt":40,"stat.pickup.minecraft.red_mushroom":4,"stat.useItem.minecraft.cooked_chicken":3,"stat.craftingTableInteraction":21,"stat.pickup.minecraft.iron_ore":26,"stat.pickup.narutomod.scroll_futon_vacuum":1,"stat.craftItem.tconstruct.pattern":14,"stat.damageTaken":21344,"stat.pickup.minecraft.leather":11,"stat.pickup.minecraft.feather":1,"stat.useItem.tconstruct.longsword":33,"stat.mineBlock.minecraft.torch":7,"stat.pickup.narutomod.scroll_fire_stream":1,"stat.pickup.minecraft.planks":118,"stat.pickup.minecraft.bed":2,"stat.pickup.minecraft.wheat_seeds":27,"stat.entityKilledBy.Zombie":1,"stat.mineBlock.minecraft.gravel":6,"stat.craftItem.minecraft.iron_leggings":1,"stat.damageDealt":18744,"stat.sleepInBed":2,"stat.pickup.kabutoaddon.kg_remover":2,"stat.killEntity.Cow":11,"stat.mineBlock.minecraft.dirt":21,"stat.pickup.kabutoaddon.kg_reroll":1,"stat.craftItem.minecraft.iron_sword":1,"stat.walkOneCm":680182,"stat.pickup.tconstruct.pattern":1,"stat.useItem.minecraft.torch":22,"stat.playerKills":1,"stat.useItem.minecraft.chest":4,"stat.useItem.minecraft.log":3,"stat.pickup.minecraft.crafting_table":2,"stat.useItem.minecraft.cobblestone":1,"stat.craftItem.minecraft.crafting_table":1,"stat.entityKilledBy.s_rank_missing_ninja":2,"stat.mineBlock.minecraft.double_plant":1,"stat.killEntity.rogue_ninja":9,"stat.pickup.minecraft.log":89,"stat.pickup.narutomod.shuriken":8,"stat.useItem.tconstruct.pickaxe":152,"stat.pickup.usefulbackpacks.backpack":1,"stat.craftItem.usefulbackpacks.backpack":1,"stat.drop.minecraft.planks":1,"stat.pickup.minecraft.stone":11,"stat.craftItem.minecraft.iron_chestplate":1,"stat.pickup.narutomod.asuracanon":1,"stat.pickup.minecraft.chicken":3,"stat.useItem.kabutoaddon.kg_remover":1,"stat.useItem.minecraft.birch_door":1,"stat.killEntity.Skeleton":3,"stat.craftItem.minecraft.planks":272,"stat.useItem.minecraft.iron_sword":4,"stat.killEntity.Chicken":3,"stat.killEntity.Spider":5,"stat.mobKills":97,"stat.mineBlock.minecraft.log":43,"stat.craftItem.minecraft.cooked_chicken":3,"stat.entityKilledBy.rogue_ninja":13,"stat.pickup.minecraft.diamond":6,"stat.pickup.narutomod.scroll_poison_mist":1,"stat.mineBlock.minecraft.leaves":3,"stat.pickup.minecraft.torch":8,"stat.sneakTime":2797,"stat.pickup.minecraft.wool":4,"stat.entityKilledBy.ninjabandit":18,"stat.useItem.rerollthingy.mysteriousfruit":5,"stat.pickup.narutomod.scroll_healing":1,"stat.mineBlock.minecraft.stone":51,"stat.pickup.rerollthingy.mysteriousfruit":4}