{"stat.pickup.minecraft.bone":2,"stat.useItem.minecraft.iron_axe":49,"stat.pickup.tconstruct.longsword":1,"stat.leaveGame":1,"stat.mineBlock.minecraft.cobblestone":2,"stat.entityKilledBy.Witch":1,"stat.craftItem.minecraft.iron_axe":1,"stat.swimOneCm":48090,"stat.climbOneCm":1063,"stat.useItem.minecraft.planks":147,"stat.mineBlock.minecraft.web":2,"stat.useItem.minecraft.stone_slab2":13,"stat.pickup.minecraft.bow":1,"stat.mineBlock.minecraft.red_mushroom":1,"stat.pickup.minecraft.rotten_flesh":6,"stat.pickup.minecraft.sand":5,"stat.craftItem.minecraft.furnace":1,"stat.craftItem.minecraft.cooked_beef":9,"stat.killEntity.Enderman":1,"stat.pickup.minecraft.cobblestone":64,"stat.flyOneCm":214582,"stat.mineBlock.minecraft.sand":1,"stat.pickup.narutomod.kunai":3,"stat.killEntity.Witch":1,"stat.useItem.minecraft.cooked_beef":2,"stat.pickup.minecraft.redstone":2,"stat.mineBlock.minecraft.iron_ore":21,"stat.timeSinceDeath":5115,"stat.entityKilledBy.explosive_ninja":12,"stat.pickup.minecraft.mutton":9,"stat.craftItem.minecraft.birch_door":3,"stat.pickup.narutomod.scroll_big_blow":1,"stat.entityKilledBy.rogue_anbu":4,"stat.mineBlock.minecraft.vine":2,"stat.furnaceInteraction":31,"stat.killEntity.lava_ninja":1,"stat.useItem.minecraft.cooked_porkchop":3,"stat.mineBlock.minecraft.coal_ore":66,"stat.killEntity.Creeper":4,"stat.pickup.minecraft.string":5,"stat.useItem.kabutoaddon.dna":1,"stat.pickup.minecraft.beef":22,"stat.useItem.minecraft.cooked_mutton":9,"stat.entityKilledBy.Skeleton":1,"stat.pickup.narutomod.ryo_100":43,"stat.craftItem.minecraft.stone_slab2":0,"stat.sprintOneCm":407088,"stat.pickup.minecraft.iron_chestplate":1,"stat.craftItem.minecraft.stick":12,"stat.mineBlock.minecraft.crafting_table":1,"stat.drop.narutomod.byakuganhelmet":1,"stat.entityKilledBy.Creeper":1,"stat.deaths":38,"stat.mineBlock.minecraft.planks":3,"stat.drop":2,"stat.pickup.minecraft.egg":3,"stat.playOneMinute":126227,"stat.killEntity.Sheep":4,"stat.pickup.narutomod.scroll_earth_wall":1,"stat.pickup.kabutoaddon.dna":2,"stat.craftItem.minecraft.iron_pickaxe":1,"stat.killEntity.Zombie":12,"stat.mineBlock.minecraft.tallgrass":48,"stat.craftItem.minecraft.cooked_mutton":9,"stat.diveOneCm":63665,"stat.chestOpened":49,"stat.mineBlock.minecraft.mossy_cobblestone":1,"stat.useItem.kabutoaddon.kg_reroll":1,"stat.pickup.minecraft.arrow":1,"stat.craftItem.minecraft.cooked_porkchop":3,"stat.killEntity.ninjabandit":12,"stat.drop.tconstruct.longsword":1,"stat.jump":1188,"stat.useItem.minecraft.sand":1,"stat.pickup.minecraft.coal":81,"stat.fallOneCm":28430,"stat.pickup.minecraft.iron_ingot":11,"stat.pickup.minecraft.gunpowder":4,"stat.crouchOneCm":5036,"stat.pickup.minecraft.spider_eye":1,"stat.craftItem.minecraft.iron_ingot":45,"stat.craftItem.minecraft.torch":12,"stat.craftItem.minecraft.chest":6,"stat.pickup.minecraft.dirt":12,"stat.pickup.minecraft.red_mushroom":4,"stat.useItem.minecraft.cooked_chicken":3,"stat.craftingTableInteraction":19,"stat.pickup.minecraft.iron_ore":20,"stat.pickup.narutomod.scroll_futon_vacuum":1,"stat.craftItem.tconstruct.pattern":10,"stat.damageTaken":12085,"stat.pickup.minecraft.leather":10,"stat.pickup.minecraft.feather":1,"stat.useItem.tconstruct.longsword":26,"stat.mineBlock.minecraft.torch":3,"stat.pickup.narutomod.scroll_fire_stream":1,"stat.pickup.minecraft.planks":97,"stat.pickup.minecraft.bed":2,"stat.pickup.minecraft.wheat_seeds":24,"stat.craftItem.minecraft.iron_leggings":1,"stat.damageDealt":11816,"stat.sleepInBed":2,"stat.pickup.kabutoaddon.kg_remover":2,"stat.killEntity.Cow":10,"stat.mineBlock.minecraft.dirt":2,"stat.pickup.kabutoaddon.kg_reroll":1,"stat.craftItem.minecraft.iron_sword":1,"stat.walkOneCm":474879,"stat.pickup.tconstruct.pattern":1,"stat.useItem.minecraft.torch":10,"stat.playerKills":1,"stat.useItem.minecraft.chest":4,"stat.useItem.minecraft.log":3,"stat.pickup.minecraft.crafting_table":1,"stat.useItem.minecraft.cobblestone":1,"stat.craftItem.minecraft.crafting_table":1,"stat.entityKilledBy.s_rank_missing_ninja":2,"stat.mineBlock.minecraft.double_plant":1,"stat.killEntity.rogue_ninja":5,"stat.pickup.minecraft.log":89,"stat.pickup.narutomod.shuriken":3,"stat.useItem.tconstruct.pickaxe":107,"stat.pickup.usefulbackpacks.backpack":1,"stat.craftItem.minecraft.iron_chestplate":1,"stat.pickup.minecraft.chicken":3,"stat.useItem.kabutoaddon.kg_remover":1,"stat.useItem.minecraft.birch_door":1,"stat.killEntity.Skeleton":2,"stat.craftItem.minecraft.planks":200,"stat.useItem.minecraft.iron_sword":4,"stat.killEntity.Chicken":3,"stat.killEntity.Spider":4,"stat.mobKills":64,"stat.mineBlock.minecraft.log":43,"stat.craftItem.minecraft.cooked_chicken":3,"stat.entityKilledBy.rogue_ninja":3,"stat.pickup.minecraft.diamond":6,"stat.mineBlock.minecraft.leaves":3,"stat.pickup.minecraft.torch":3,"stat.sneakTime":2511,"stat.pickup.minecraft.wool":4,"stat.entityKilledBy.ninjabandit":9,"stat.useItem.rerollthingy.mysteriousfruit":3,"stat.mineBlock.minecraft.stone":16,"stat.pickup.rerollthingy.mysteriousfruit":4}