{"stat.pickup.tconstruct.longsword":1,"stat.leaveGame":1,"stat.mineBlock.minecraft.cobblestone":2,"stat.entityKilledBy.Witch":1,"stat.swimOneCm":46147,"stat.climbOneCm":1063,"stat.mineBlock.minecraft.web":2,"stat.useItem.minecraft.stone_slab2":1,"stat.mineBlock.minecraft.red_mushroom":1,"stat.pickup.minecraft.rotten_flesh":6,"stat.killEntity.Enderman":1,"stat.pickup.minecraft.cobblestone":64,"stat.flyOneCm":155119,"stat.killEntity.Witch":1,"stat.pickup.minecraft.redstone":2,"stat.mineBlock.minecraft.iron_ore":21,"stat.timeSinceDeath":6879,"stat.entityKilledBy.explosive_ninja":12,"stat.pickup.minecraft.mutton":9,"stat.entityKilledBy.rogue_anbu":3,"stat.mineBlock.minecraft.vine":2,"stat.furnaceInteraction":26,"stat.useItem.minecraft.cooked_porkchop":3,"stat.mineBlock.minecraft.coal_ore":66,"stat.killEntity.Creeper":3,"stat.pickup.minecraft.string":3,"stat.useItem.minecraft.cooked_mutton":6,"stat.entityKilledBy.Skeleton":1,"stat.craftItem.minecraft.stone_slab2":0,"stat.sprintOneCm":332078,"stat.pickup.minecraft.iron_chestplate":1,"stat.craftItem.minecraft.stick":8,"stat.entityKilledBy.Creeper":1,"stat.deaths":24,"stat.drop":1,"stat.pickup.minecraft.egg":2,"stat.playOneMinute":75827,"stat.killEntity.Sheep":4,"stat.pickup.narutomod.scroll_earth_wall":1,"stat.craftItem.minecraft.iron_pickaxe":1,"stat.killEntity.Zombie":11,"stat.mineBlock.minecraft.tallgrass":4,"stat.craftItem.minecraft.cooked_mutton":9,"stat.diveOneCm":58927,"stat.chestOpened":24,"stat.mineBlock.minecraft.mossy_cobblestone":1,"stat.pickup.minecraft.arrow":1,"stat.craftItem.minecraft.cooked_porkchop":3,"stat.killEntity.ninjabandit":3,"stat.drop.tconstruct.longsword":1,"stat.jump":822,"stat.pickup.minecraft.coal":81,"stat.fallOneCm":18354,"stat.pickup.minecraft.gunpowder":4,"stat.crouchOneCm":1220,"stat.pickup.minecraft.spider_eye":1,"stat.craftItem.minecraft.iron_ingot":45,"stat.craftItem.minecraft.torch":12,"stat.pickup.minecraft.dirt":10,"stat.pickup.minecraft.red_mushroom":4,"stat.craftingTableInteraction":9,"stat.pickup.minecraft.iron_ore":20,"stat.pickup.narutomod.scroll_futon_vacuum":1,"stat.craftItem.tconstruct.pattern":10,"stat.damageTaken":6662,"stat.useItem.tconstruct.longsword":11,"stat.pickup.minecraft.bed":1,"stat.pickup.minecraft.wheat_seeds":5,"stat.craftItem.minecraft.iron_leggings":1,"stat.damageDealt":6547,"stat.mineBlock.minecraft.dirt":1,"stat.craftItem.minecraft.iron_sword":1,"stat.walkOneCm":273265,"stat.pickup.tconstruct.pattern":1,"stat.useItem.minecraft.torch":8,"stat.playerKills":1,"stat.useItem.minecraft.cobblestone":1,"stat.entityKilledBy.s_rank_missing_ninja":2,"stat.killEntity.rogue_ninja":2,"stat.pickup.minecraft.log":10,"stat.useItem.tconstruct.pickaxe":107,"stat.pickup.usefulbackpacks.backpack":1,"stat.craftItem.minecraft.iron_chestplate":1,"stat.pickup.minecraft.chicken":1,"stat.killEntity.Skeleton":1,"stat.craftItem.minecraft.planks":40,"stat.useItem.minecraft.iron_sword":4,"stat.killEntity.Chicken":1,"stat.killEntity.Spider":4,"stat.mobKills":31,"stat.entityKilledBy.rogue_ninja":1,"stat.pickup.minecraft.diamond":6,"stat.sneakTime":451,"stat.pickup.minecraft.wool":4,"stat.mineBlock.minecraft.stone":16}